도메인,날짜,지수종류,돈
전기기기 및 장치,1995-02-01,원지수 (2020=100),50.6
전기기기 및 장치,1995-02-01,계절조정지수 (2020=100),60.9
전기기기 및 장치,1995-03-01,원지수 (2020=100),85.7
전기기기 및 장치,1995-03-01,계절조정지수 (2020=100),79.4
전기기기 및 장치,1995-04-01,원지수 (2020=100),56.5
전기기기 및 장치,1995-04-01,계절조정지수 (2020=100),55.6
전기기기 및 장치,1995-05-01,원지수 (2020=100),75.4
전기기기 및 장치,1995-05-01,계절조정지수 (2020=100),78.4
전기기기 및 장치,1995-06-01,원지수 (2020=100),86.3
전기기기 및 장치,1995-06-01,계절조정지수 (2020=100),81.4
전기기기 및 장치,1995-07-01,원지수 (2020=100),78.7
전기기기 및 장치,1995-07-01,계절조정지수 (2020=100),87.5
전기기기 및 장치,1995-08-01,원지수 (2020=100),78.0
전기기기 및 장치,1995-08-01,계절조정지수 (2020=100),74.4
전기기기 및 장치,1995-09-01,원지수 (2020=100),69.0
전기기기 및 장치,1995-09-01,계절조정지수 (2020=100),68.0
전기기기 및 장치,1995-10-01,원지수 (2020=100),69.9
전기기기 및 장치,1995-10-01,계절조정지수 (2020=100),69.5
전기기기 및 장치,1995-11-01,원지수 (2020=100),78.7
전기기기 및 장치,1995-11-01,계절조정지수 (2020=100),75.0
전기기기 및 장치,1995-12-01,원지수 (2020=100),84.0
전기기기 및 장치,1995-12-01,계절조정지수 (2020=100),76.5
전기기기 및 장치,1996-01-01,원지수 (2020=100),66.9
전기기기 및 장치,1996-01-01,계절조정지수 (2020=100),68.1
전기기기 및 장치,1996-02-01,원지수 (2020=100),55.6
전기기기 및 장치,1996-02-01,계절조정지수 (2020=100),66.2
전기기기 및 장치,1996-03-01,원지수 (2020=100),73.6
전기기기 및 장치,1996-03-01,계절조정지수 (2020=100),69.6
전기기기 및 장치,1996-04-01,원지수 (2020=100),77.5
전기기기 및 장치,1996-04-01,계절조정지수 (2020=100),76.2
전기기기 및 장치,1996-05-01,원지수 (2020=100),68.9
전기기기 및 장치,1996-05-01,계절조정지수 (2020=100),71.8
전기기기 및 장치,1996-06-01,원지수 (2020=100),68.0
전기기기 및 장치,1996-06-01,계절조정지수 (2020=100),64.2
전기기기 및 장치,1996-07-01,원지수 (2020=100),78.4
전기기기 및 장치,1996-07-01,계절조정지수 (2020=100),85.6
전기기기 및 장치,1996-08-01,원지수 (2020=100),82.9
전기기기 및 장치,1996-08-01,계절조정지수 (2020=100),79.1
전기기기 및 장치,1996-09-01,원지수 (2020=100),77.0
전기기기 및 장치,1996-09-01,계절조정지수 (2020=100),80.0
전기기기 및 장치,1996-10-01,원지수 (2020=100),84.8
전기기기 및 장치,1996-10-01,계절조정지수 (2020=100),81.2
전기기기 및 장치,1996-11-01,원지수 (2020=100),61.5
전기기기 및 장치,1996-11-01,계절조정지수 (2020=100),58.5
전기기기 및 장치,1996-12-01,원지수 (2020=100),67.5
전기기기 및 장치,1996-12-01,계절조정지수 (2020=100),61.7
전기기기 및 장치,1997-01-01,원지수 (2020=100),85.7
전기기기 및 장치,1997-01-01,계절조정지수 (2020=100),86.6
전기기기 및 장치,1997-02-01,원지수 (2020=100),62.9
전기기기 및 장치,1997-02-01,계절조정지수 (2020=100),75.9
전기기기 및 장치,1997-03-01,원지수 (2020=100),84.0
전기기기 및 장치,1997-03-01,계절조정지수 (2020=100),79.5
전기기기 및 장치,1997-04-01,원지수 (2020=100),86.2
전기기기 및 장치,1997-04-01,계절조정지수 (2020=100),83.0
전기기기 및 장치,1997-05-01,원지수 (2020=100),80.6
전기기기 및 장치,1997-05-01,계절조정지수 (2020=100),85.9
전기기기 및 장치,1997-06-01,원지수 (2020=100),85.8
전기기기 및 장치,1997-06-01,계절조정지수 (2020=100),81.6
전기기기 및 장치,1997-07-01,원지수 (2020=100),71.4
전기기기 및 장치,1997-07-01,계절조정지수 (2020=100),78.4
전기기기 및 장치,1997-08-01,원지수 (2020=100),79.4
전기기기 및 장치,1997-08-01,계절조정지수 (2020=100),77.1
전기기기 및 장치,1997-09-01,원지수 (2020=100),81.1
전기기기 및 장치,1997-09-01,계절조정지수 (2020=100),81.4
전기기기 및 장치,1997-10-01,원지수 (2020=100),50.8
전기기기 및 장치,1997-10-01,계절조정지수 (2020=100),49.0
전기기기 및 장치,1997-11-01,원지수 (2020=100),52.4
전기기기 및 장치,1997-11-01,계절조정지수 (2020=100),50.9
전기기기 및 장치,1997-12-01,원지수 (2020=100),81.9
전기기기 및 장치,1997-12-01,계절조정지수 (2020=100),75.7
전기기기 및 장치,1998-01-01,원지수 (2020=100),48.1
전기기기 및 장치,1998-01-01,계절조정지수 (2020=100),50.6
전기기기 및 장치,1998-02-01,원지수 (2020=100),48.4
전기기기 및 장치,1998-02-01,계절조정지수 (2020=100),56.3
전기기기 및 장치,1998-03-01,원지수 (2020=100),55.3
전기기기 및 장치,1998-03-01,계절조정지수 (2020=100),51.2
전기기기 및 장치,1998-04-01,원지수 (2020=100),35.7
전기기기 및 장치,1998-04-01,계절조정지수 (2020=100),33.7
전기기기 및 장치,1998-05-01,원지수 (2020=100),32.0
전기기기 및 장치,1998-05-01,계절조정지수 (2020=100),34.3
전기기기 및 장치,1998-06-01,원지수 (2020=100),37.9
전기기기 및 장치,1998-06-01,계절조정지수 (2020=100),36.3
전기기기 및 장치,1998-07-01,원지수 (2020=100),31.1
전기기기 및 장치,1998-07-01,계절조정지수 (2020=100),34.3
전기기기 및 장치,1998-08-01,원지수 (2020=100),38.1
전기기기 및 장치,1998-08-01,계절조정지수 (2020=100),37.0
전기기기 및 장치,1998-09-01,원지수 (2020=100),35.8
전기기기 및 장치,1998-09-01,계절조정지수 (2020=100),35.7
전기기기 및 장치,1998-10-01,원지수 (2020=100),42.3
전기기기 및 장치,1998-10-01,계절조정지수 (2020=100),39.9
전기기기 및 장치,1998-11-01,원지수 (2020=100),31.2
전기기기 및 장치,1998-11-01,계절조정지수 (2020=100),30.2
전기기기 및 장치,1998-12-01,원지수 (2020=100),36.8
전기기기 및 장치,1998-12-01,계절조정지수 (2020=100),33.8
전기기기 및 장치,1999-01-01,원지수 (2020=100),34.8
전기기기 및 장치,1999-01-01,계절조정지수 (2020=100),35.3
전기기기 및 장치,1999-02-01,원지수 (2020=100),54.7
전기기기 및 장치,1999-02-01,계절조정지수 (2020=100),66.5
전기기기 및 장치,1999-03-01,원지수 (2020=100),61.9
전기기기 및 장치,1999-03-01,계절조정지수 (2020=100),57.2
전기기기 및 장치,1999-04-01,원지수 (2020=100),53.0
전기기기 및 장치,1999-04-01,계절조정지수 (2020=100),51.0
전기기기 및 장치,1999-05-01,원지수 (2020=100),56.9
전기기기 및 장치,1999-05-01,계절조정지수 (2020=100),62.4
전기기기 및 장치,1999-06-01,원지수 (2020=100),59.1
전기기기 및 장치,1999-06-01,계절조정지수 (2020=100),54.9
전기기기 및 장치,1999-07-01,원지수 (2020=100),50.6
전기기기 및 장치,1999-07-01,계절조정지수 (2020=100),56.1
전기기기 및 장치,1999-08-01,원지수 (2020=100),55.3
전기기기 및 장치,1999-08-01,계절조정지수 (2020=100),52.3
전기기기 및 장치,1999-09-01,원지수 (2020=100),54.1
전기기기 및 장치,1999-09-01,계절조정지수 (2020=100),54.5
전기기기 및 장치,1999-10-01,원지수 (2020=100),57.2
전기기기 및 장치,1999-10-01,계절조정지수 (2020=100),54.0
전기기기 및 장치,1999-11-01,원지수 (2020=100),55.5
전기기기 및 장치,1999-11-01,계절조정지수 (2020=100),52.5
전기기기 및 장치,1999-12-01,원지수 (2020=100),66.5
전기기기 및 장치,1999-12-01,계절조정지수 (2020=100),61.8
전기기기 및 장치,2000-01-01,원지수 (2020=100),62.7
전기기기 및 장치,2000-01-01,계절조정지수 (2020=100),66.0
전기기기 및 장치,2000-02-01,원지수 (2020=100),51.6
전기기기 및 장치,2000-02-01,계절조정지수 (2020=100),57.3
전기기기 및 장치,2000-03-01,원지수 (2020=100),62.4
전기기기 및 장치,2000-03-01,계절조정지수 (2020=100),58.4
전기기기 및 장치,2000-04-01,원지수 (2020=100),60.9
전기기기 및 장치,2000-04-01,계절조정지수 (2020=100),61.5
전기기기 및 장치,2000-05-01,원지수 (2020=100),48.3
전기기기 및 장치,2000-05-01,계절조정지수 (2020=100),49.5
전기기기 및 장치,2000-06-01,원지수 (2020=100),54.5
전기기기 및 장치,2000-06-01,계절조정지수 (2020=100),54.3
전기기기 및 장치,2000-07-01,원지수 (2020=100),49.9
전기기기 및 장치,2000-07-01,계절조정지수 (2020=100),56.2
전기기기 및 장치,2000-08-01,원지수 (2020=100),61.6
전기기기 및 장치,2000-08-01,계절조정지수 (2020=100),57.3
전기기기 및 장치,2000-09-01,원지수 (2020=100),56.8
전기기기 및 장치,2000-09-01,계절조정지수 (2020=100),58.1
전기기기 및 장치,2000-10-01,원지수 (2020=100),62.5
전기기기 및 장치,2000-10-01,계절조정지수 (2020=100),59.7
전기기기 및 장치,2000-11-01,원지수 (2020=100),64.4
전기기기 및 장치,2000-11-01,계절조정지수 (2020=100),61.5
전기기기 및 장치,2000-12-01,원지수 (2020=100),56.9
전기기기 및 장치,2000-12-01,계절조정지수 (2020=100),53.9
전기기기 및 장치,2001-01-01,원지수 (2020=100),51.8
전기기기 및 장치,2001-01-01,계절조정지수 (2020=100),55.3
전기기기 및 장치,2001-02-01,원지수 (2020=100),42.3
전기기기 및 장치,2001-02-01,계절조정지수 (2020=100),48.1
전기기기 및 장치,2001-03-01,원지수 (2020=100),56.2
전기기기 및 장치,2001-03-01,계절조정지수 (2020=100),52.7
전기기기 및 장치,2001-04-01,원지수 (2020=100),53.6
전기기기 및 장치,2001-04-01,계절조정지수 (2020=100),52.2
전기기기 및 장치,2001-05-01,원지수 (2020=100),52.1
전기기기 및 장치,2001-05-01,계절조정지수 (2020=100),51.3
전기기기 및 장치,2001-06-01,원지수 (2020=100),68.0
전기기기 및 장치,2001-06-01,계절조정지수 (2020=100),67.6
전기기기 및 장치,2001-07-01,원지수 (2020=100),47.0
전기기기 및 장치,2001-07-01,계절조정지수 (2020=100),52.8
전기기기 및 장치,2001-08-01,원지수 (2020=100),59.3
전기기기 및 장치,2001-08-01,계절조정지수 (2020=100),55.4
전기기기 및 장치,2001-09-01,원지수 (2020=100),53.7
전기기기 및 장치,2001-09-01,계절조정지수 (2020=100),54.6
전기기기 및 장치,2001-10-01,원지수 (2020=100),58.5
전기기기 및 장치,2001-10-01,계절조정지수 (2020=100),54.1
전기기기 및 장치,2001-11-01,원지수 (2020=100),45.8
전기기기 및 장치,2001-11-01,계절조정지수 (2020=100),44.0
전기기기 및 장치,2001-12-01,원지수 (2020=100),56.5
전기기기 및 장치,2001-12-01,계절조정지수 (2020=100),53.3
전기기기 및 장치,2002-01-01,원지수 (2020=100),78.4
전기기기 및 장치,2002-01-01,계절조정지수 (2020=100),81.4
전기기기 및 장치,2002-02-01,원지수 (2020=100),48.5
전기기기 및 장치,2002-02-01,계절조정지수 (2020=100),56.5
전기기기 및 장치,2002-03-01,원지수 (2020=100),69.9
전기기기 및 장치,2002-03-01,계절조정지수 (2020=100),68.2
전기기기 및 장치,2002-04-01,원지수 (2020=100),62.7
전기기기 및 장치,2002-04-01,계절조정지수 (2020=100),58.8
전기기기 및 장치,2002-05-01,원지수 (2020=100),51.8
전기기기 및 장치,2002-05-01,계절조정지수 (2020=100),48.9
전기기기 및 장치,2002-06-01,원지수 (2020=100),64.4
전기기기 및 장치,2002-06-01,계절조정지수 (2020=100),68.7
전기기기 및 장치,2002-07-01,원지수 (2020=100),51.0
전기기기 및 장치,2002-07-01,계절조정지수 (2020=100),57.0
전기기기 및 장치,2002-08-01,원지수 (2020=100),62.0
전기기기 및 장치,2002-08-01,계절조정지수 (2020=100),58.5
전기기기 및 장치,2002-09-01,원지수 (2020=100),66.8
전기기기 및 장치,2002-09-01,계절조정지수 (2020=100),68.0
전기기기 및 장치,2002-10-01,원지수 (2020=100),55.8
전기기기 및 장치,2002-10-01,계절조정지수 (2020=100),51.5
전기기기 및 장치,2002-11-01,원지수 (2020=100),62.9
전기기기 및 장치,2002-11-01,계절조정지수 (2020=100),60.8
전기기기 및 장치,2002-12-01,원지수 (2020=100),59.6
전기기기 및 장치,2002-12-01,계절조정지수 (2020=100),58.2
전기기기 및 장치,2003-01-01,원지수 (2020=100),54.5
전기기기 및 장치,2003-01-01,계절조정지수 (2020=100),56.5
전기기기 및 장치,2003-02-01,원지수 (2020=100),32.6
전기기기 및 장치,2003-02-01,계절조정지수 (2020=100),36.6
전기기기 및 장치,2003-03-01,원지수 (2020=100),76.8
전기기기 및 장치,2003-03-01,계절조정지수 (2020=100),75.2
전기기기 및 장치,2003-04-01,원지수 (2020=100),64.8
전기기기 및 장치,2003-04-01,계절조정지수 (2020=100),60.8
전기기기 및 장치,2003-05-01,원지수 (2020=100),58.5
전기기기 및 장치,2003-05-01,계절조정지수 (2020=100),59.2
전기기기 및 장치,2003-06-01,원지수 (2020=100),76.9
전기기기 및 장치,2003-06-01,계절조정지수 (2020=100),78.7
전기기기 및 장치,2003-07-01,원지수 (2020=100),52.8
전기기기 및 장치,2003-07-01,계절조정지수 (2020=100),56.6
전기기기 및 장치,2003-08-01,원지수 (2020=100),64.1
전기기기 및 장치,2003-08-01,계절조정지수 (2020=100),63.2
전기기기 및 장치,2003-09-01,원지수 (2020=100),57.2
전기기기 및 장치,2003-09-01,계절조정지수 (2020=100),58.0
전기기기 및 장치,2003-10-01,원지수 (2020=100),65.0
전기기기 및 장치,2003-10-01,계절조정지수 (2020=100),60.2
전기기기 및 장치,2003-11-01,원지수 (2020=100),56.4
전기기기 및 장치,2003-11-01,계절조정지수 (2020=100),56.8
전기기기 및 장치,2003-12-01,원지수 (2020=100),54.1
전기기기 및 장치,2003-12-01,계절조정지수 (2020=100),49.0
전기기기 및 장치,2004-01-01,원지수 (2020=100),53.0
전기기기 및 장치,2004-01-01,계절조정지수 (2020=100),56.8
전기기기 및 장치,2004-02-01,원지수 (2020=100),53.9
전기기기 및 장치,2004-02-01,계절조정지수 (2020=100),60.6
전기기기 및 장치,2004-03-01,원지수 (2020=100),62.0
전기기기 및 장치,2004-03-01,계절조정지수 (2020=100),58.7
전기기기 및 장치,2004-04-01,원지수 (2020=100),52.3
전기기기 및 장치,2004-04-01,계절조정지수 (2020=100),50.9
전기기기 및 장치,2004-05-01,원지수 (2020=100),62.0
전기기기 및 장치,2004-05-01,계절조정지수 (2020=100),64.8
전기기기 및 장치,2004-06-01,원지수 (2020=100),56.9
전기기기 및 장치,2004-06-01,계절조정지수 (2020=100),53.9
전기기기 및 장치,2004-07-01,원지수 (2020=100),49.7
전기기기 및 장치,2004-07-01,계절조정지수 (2020=100),52.9
전기기기 및 장치,2004-08-01,원지수 (2020=100),64.9
전기기기 및 장치,2004-08-01,계절조정지수 (2020=100),62.2
전기기기 및 장치,2004-09-01,원지수 (2020=100),50.9
전기기기 및 장치,2004-09-01,계절조정지수 (2020=100),53.3
전기기기 및 장치,2004-10-01,원지수 (2020=100),60.7
전기기기 및 장치,2004-10-01,계절조정지수 (2020=100),54.6
전기기기 및 장치,2004-11-01,원지수 (2020=100),54.6
전기기기 및 장치,2004-11-01,계절조정지수 (2020=100),53.3
전기기기 및 장치,2004-12-01,원지수 (2020=100),63.5
전기기기 및 장치,2004-12-01,계절조정지수 (2020=100),57.4
전기기기 및 장치,2005-01-01,원지수 (2020=100),42.2
전기기기 및 장치,2005-01-01,계절조정지수 (2020=100),44.2
전기기기 및 장치,2005-02-01,원지수 (2020=100),50.8
전기기기 및 장치,2005-02-01,계절조정지수 (2020=100),56.3
전기기기 및 장치,2005-03-01,원지수 (2020=100),65.0
전기기기 및 장치,2005-03-01,계절조정지수 (2020=100),62.2
전기기기 및 장치,2005-04-01,원지수 (2020=100),55.8
전기기기 및 장치,2005-04-01,계절조정지수 (2020=100),56.1
전기기기 및 장치,2005-05-01,원지수 (2020=100),59.1
전기기기 및 장치,2005-05-01,계절조정지수 (2020=100),57.9
전기기기 및 장치,2005-06-01,원지수 (2020=100),61.1
전기기기 및 장치,2005-06-01,계절조정지수 (2020=100),58.2
전기기기 및 장치,2005-07-01,원지수 (2020=100),58.7
전기기기 및 장치,2005-07-01,계절조정지수 (2020=100),61.6
전기기기 및 장치,2005-08-01,원지수 (2020=100),54.7
전기기기 및 장치,2005-08-01,계절조정지수 (2020=100),55.3
전기기기 및 장치,2005-09-01,원지수 (2020=100),62.7
전기기기 및 장치,2005-09-01,계절조정지수 (2020=100),61.9
전기기기 및 장치,2005-10-01,원지수 (2020=100),59.6
전기기기 및 장치,2005-10-01,계절조정지수 (2020=100),61.7
전기기기 및 장치,2005-11-01,원지수 (2020=100),59.3
전기기기 및 장치,2005-11-01,계절조정지수 (2020=100),59.9
전기기기 및 장치,2005-12-01,원지수 (2020=100),70.7
전기기기 및 장치,2005-12-01,계절조정지수 (2020=100),63.5
전기기기 및 장치,2006-01-01,원지수 (2020=100),55.4
전기기기 및 장치,2006-01-01,계절조정지수 (2020=100),58.6
전기기기 및 장치,2006-02-01,원지수 (2020=100),54.5
전기기기 및 장치,2006-02-01,계절조정지수 (2020=100),61.3
전기기기 및 장치,2006-03-01,원지수 (2020=100),57.4
전기기기 및 장치,2006-03-01,계절조정지수 (2020=100),54.9
전기기기 및 장치,2006-04-01,원지수 (2020=100),65.7
전기기기 및 장치,2006-04-01,계절조정지수 (2020=100),64.9
전기기기 및 장치,2006-05-01,원지수 (2020=100),66.9
전기기기 및 장치,2006-05-01,계절조정지수 (2020=100),64.2
전기기기 및 장치,2006-06-01,원지수 (2020=100),63.5
전기기기 및 장치,2006-06-01,계절조정지수 (2020=100),60.5
전기기기 및 장치,2006-07-01,원지수 (2020=100),51.7
전기기기 및 장치,2006-07-01,계절조정지수 (2020=100),54.0
전기기기 및 장치,2006-08-01,원지수 (2020=100),57.2
전기기기 및 장치,2006-08-01,계절조정지수 (2020=100),57.9
전기기기 및 장치,2006-09-01,원지수 (2020=100),60.2
전기기기 및 장치,2006-09-01,계절조정지수 (2020=100),59.0
전기기기 및 장치,2006-10-01,원지수 (2020=100),65.8
전기기기 및 장치,2006-10-01,계절조정지수 (2020=100),67.3
전기기기 및 장치,2006-11-01,원지수 (2020=100),63.3
전기기기 및 장치,2006-11-01,계절조정지수 (2020=100),63.8
전기기기 및 장치,2006-12-01,원지수 (2020=100),67.6
전기기기 및 장치,2006-12-01,계절조정지수 (2020=100),60.8
전기기기 및 장치,2007-01-01,원지수 (2020=100),63.6
전기기기 및 장치,2007-01-01,계절조정지수 (2020=100),65.5
전기기기 및 장치,2007-02-01,원지수 (2020=100),59.4
전기기기 및 장치,2007-02-01,계절조정지수 (2020=100),68.8
전기기기 및 장치,2007-03-01,원지수 (2020=100),60.9
전기기기 및 장치,2007-03-01,계절조정지수 (2020=100),59.4
전기기기 및 장치,2007-04-01,원지수 (2020=100),66.7
전기기기 및 장치,2007-04-01,계절조정지수 (2020=100),64.6
전기기기 및 장치,2007-05-01,원지수 (2020=100),65.3
전기기기 및 장치,2007-05-01,계절조정지수 (2020=100),61.5
전기기기 및 장치,2007-06-01,원지수 (2020=100),67.4
전기기기 및 장치,2007-06-01,계절조정지수 (2020=100),66.9
전기기기 및 장치,2007-07-01,원지수 (2020=100),64.2
전기기기 및 장치,2007-07-01,계절조정지수 (2020=100),66.8
전기기기 및 장치,2007-08-01,원지수 (2020=100),69.4
전기기기 및 장치,2007-08-01,계절조정지수 (2020=100),70.3
전기기기 및 장치,2007-09-01,원지수 (2020=100),72.1
전기기기 및 장치,2007-09-01,계절조정지수 (2020=100),71.2
전기기기 및 장치,2007-10-01,원지수 (2020=100),70.8
전기기기 및 장치,2007-10-01,계절조정지수 (2020=100),72.1
전기기기 및 장치,2007-11-01,원지수 (2020=100),75.1
전기기기 및 장치,2007-11-01,계절조정지수 (2020=100),75.2
전기기기 및 장치,2007-12-01,원지수 (2020=100),91.4
전기기기 및 장치,2007-12-01,계절조정지수 (2020=100),84.0
전기기기 및 장치,2008-01-01,원지수 (2020=100),65.8
전기기기 및 장치,2008-01-01,계절조정지수 (2020=100),68.2
전기기기 및 장치,2008-02-01,원지수 (2020=100),65.1
전기기기 및 장치,2008-02-01,계절조정지수 (2020=100),73.6
전기기기 및 장치,2008-03-01,원지수 (2020=100),74.8
전기기기 및 장치,2008-03-01,계절조정지수 (2020=100),72.8
전기기기 및 장치,2008-04-01,원지수 (2020=100),80.3
전기기기 및 장치,2008-04-01,계절조정지수 (2020=100),78.0
전기기기 및 장치,2008-05-01,원지수 (2020=100),81.6
전기기기 및 장치,2008-05-01,계절조정지수 (2020=100),80.1
전기기기 및 장치,2008-06-01,원지수 (2020=100),78.6
전기기기 및 장치,2008-06-01,계절조정지수 (2020=100),76.5
전기기기 및 장치,2008-07-01,원지수 (2020=100),72.9
전기기기 및 장치,2008-07-01,계절조정지수 (2020=100),74.0
전기기기 및 장치,2008-08-01,원지수 (2020=100),77.8
전기기기 및 장치,2008-08-01,계절조정지수 (2020=100),80.6
전기기기 및 장치,2008-09-01,원지수 (2020=100),75.5
전기기기 및 장치,2008-09-01,계절조정지수 (2020=100),74.6
전기기기 및 장치,2008-10-01,원지수 (2020=100),72.3
전기기기 및 장치,2008-10-01,계절조정지수 (2020=100),73.5
전기기기 및 장치,2008-11-01,원지수 (2020=100),66.6
전기기기 및 장치,2008-11-01,계절조정지수 (2020=100),67.8
전기기기 및 장치,2008-12-01,원지수 (2020=100),77.4
전기기기 및 장치,2008-12-01,계절조정지수 (2020=100),68.4
전기기기 및 장치,2009-01-01,원지수 (2020=100),74.2
전기기기 및 장치,2009-01-01,계절조정지수 (2020=100),79.1
전기기기 및 장치,2009-02-01,원지수 (2020=100),65.8
전기기기 및 장치,2009-02-01,계절조정지수 (2020=100),74.0
전기기기 및 장치,2009-03-01,원지수 (2020=100),84.6
전기기기 및 장치,2009-03-01,계절조정지수 (2020=100),80.7
전기기기 및 장치,2009-04-01,원지수 (2020=100),69.1
전기기기 및 장치,2009-04-01,계절조정지수 (2020=100),68.7
전기기기 및 장치,2009-05-01,원지수 (2020=100),65.0
전기기기 및 장치,2009-05-01,계절조정지수 (2020=100),65.1
전기기기 및 장치,2009-06-01,원지수 (2020=100),83.0
전기기기 및 장치,2009-06-01,계절조정지수 (2020=100),77.5
전기기기 및 장치,2009-07-01,원지수 (2020=100),55.7
전기기기 및 장치,2009-07-01,계절조정지수 (2020=100),56.4
전기기기 및 장치,2009-08-01,원지수 (2020=100),57.8
전기기기 및 장치,2009-08-01,계절조정지수 (2020=100),58.8
전기기기 및 장치,2009-09-01,원지수 (2020=100),76.1
전기기기 및 장치,2009-09-01,계절조정지수 (2020=100),75.2
전기기기 및 장치,2009-10-01,원지수 (2020=100),65.8
전기기기 및 장치,2009-10-01,계절조정지수 (2020=100),66.8
전기기기 및 장치,2009-11-01,원지수 (2020=100),70.3
전기기기 및 장치,2009-11-01,계절조정지수 (2020=100),69.8
전기기기 및 장치,2009-12-01,원지수 (2020=100),87.2
전기기기 및 장치,2009-12-01,계절조정지수 (2020=100),77.2
전기기기 및 장치,2010-01-01,원지수 (2020=100),74.0
전기기기 및 장치,2010-01-01,계절조정지수 (2020=100),78.5
전기기기 및 장치,2010-02-01,원지수 (2020=100),67.3
전기기기 및 장치,2010-02-01,계절조정지수 (2020=100),77.9
전기기기 및 장치,2010-03-01,원지수 (2020=100),81.8
전기기기 및 장치,2010-03-01,계절조정지수 (2020=100),77.9
전기기기 및 장치,2010-04-01,원지수 (2020=100),85.5
전기기기 및 장치,2010-04-01,계절조정지수 (2020=100),83.5
전기기기 및 장치,2010-05-01,원지수 (2020=100),78.3
전기기기 및 장치,2010-05-01,계절조정지수 (2020=100),75.4
전기기기 및 장치,2010-06-01,원지수 (2020=100),84.9
전기기기 및 장치,2010-06-01,계절조정지수 (2020=100),80.9
전기기기 및 장치,2010-07-01,원지수 (2020=100),88.0
전기기기 및 장치,2010-07-01,계절조정지수 (2020=100),88.7
전기기기 및 장치,2010-08-01,원지수 (2020=100),81.0
전기기기 및 장치,2010-08-01,계절조정지수 (2020=100),82.6
전기기기 및 장치,2010-09-01,원지수 (2020=100),85.4
전기기기 및 장치,2010-09-01,계절조정지수 (2020=100),82.6
전기기기 및 장치,2010-10-01,원지수 (2020=100),79.1
전기기기 및 장치,2010-10-01,계절조정지수 (2020=100),81.6
전기기기 및 장치,2010-11-01,원지수 (2020=100),90.6
전기기기 및 장치,2010-11-01,계절조정지수 (2020=100),89.7
전기기기 및 장치,2010-12-01,원지수 (2020=100),101.2
전기기기 및 장치,2010-12-01,계절조정지수 (2020=100),87.9
전기기기 및 장치,2011-01-01,원지수 (2020=100),82.1
전기기기 및 장치,2011-01-01,계절조정지수 (2020=100),86.3
전기기기 및 장치,2011-02-01,원지수 (2020=100),73.5
전기기기 및 장치,2011-02-01,계절조정지수 (2020=100),82.8
전기기기 및 장치,2011-03-01,원지수 (2020=100),96.9
전기기기 및 장치,2011-03-01,계절조정지수 (2020=100),92.1
전기기기 및 장치,2011-04-01,원지수 (2020=100),90.4
전기기기 및 장치,2011-04-01,계절조정지수 (2020=100),90.5
전기기기 및 장치,2011-05-01,원지수 (2020=100),95.3
전기기기 및 장치,2011-05-01,계절조정지수 (2020=100),94.0
전기기기 및 장치,2011-06-01,원지수 (2020=100),98.8
전기기기 및 장치,2011-06-01,계절조정지수 (2020=100),94.2
전기기기 및 장치,2011-07-01,원지수 (2020=100),92.0
전기기기 및 장치,2011-07-01,계절조정지수 (2020=100),94.1
전기기기 및 장치,2011-08-01,원지수 (2020=100),89.1
전기기기 및 장치,2011-08-01,계절조정지수 (2020=100),91.3
전기기기 및 장치,2011-09-01,원지수 (2020=100),87.9
전기기기 및 장치,2011-09-01,계절조정지수 (2020=100),87.6
전기기기 및 장치,2011-10-01,원지수 (2020=100),87.3
전기기기 및 장치,2011-10-01,계절조정지수 (2020=100),88.8
전기기기 및 장치,2011-11-01,원지수 (2020=100),96.4
전기기기 및 장치,2011-11-01,계절조정지수 (2020=100),95.3
전기기기 및 장치,2011-12-01,원지수 (2020=100),102.4
전기기기 및 장치,2011-12-01,계절조정지수 (2020=100),92.6
전기기기 및 장치,2012-01-01,원지수 (2020=100),86.6
전기기기 및 장치,2012-01-01,계절조정지수 (2020=100),90.5
전기기기 및 장치,2012-02-01,원지수 (2020=100),87.4
전기기기 및 장치,2012-02-01,계절조정지수 (2020=100),99.6
전기기기 및 장치,2012-03-01,원지수 (2020=100),89.5
전기기기 및 장치,2012-03-01,계절조정지수 (2020=100),84.6
전기기기 및 장치,2012-04-01,원지수 (2020=100),86.6
전기기기 및 장치,2012-04-01,계절조정지수 (2020=100),86.9
전기기기 및 장치,2012-05-01,원지수 (2020=100),94.3
전기기기 및 장치,2012-05-01,계절조정지수 (2020=100),93.5
전기기기 및 장치,2012-06-01,원지수 (2020=100),101.6
전기기기 및 장치,2012-06-01,계절조정지수 (2020=100),96.8
전기기기 및 장치,2012-07-01,원지수 (2020=100),100.6
전기기기 및 장치,2012-07-01,계절조정지수 (2020=100),102.3
전기기기 및 장치,2012-08-01,원지수 (2020=100),91.3
전기기기 및 장치,2012-08-01,계절조정지수 (2020=100),94.0
전기기기 및 장치,2012-09-01,원지수 (2020=100),102.7
전기기기 및 장치,2012-09-01,계절조정지수 (2020=100),103.8
전기기기 및 장치,2012-10-01,원지수 (2020=100),101.5
전기기기 및 장치,2012-10-01,계절조정지수 (2020=100),101.6
전기기기 및 장치,2012-11-01,원지수 (2020=100),104.9
전기기기 및 장치,2012-11-01,계절조정지수 (2020=100),103.4
전기기기 및 장치,2012-12-01,원지수 (2020=100),91.2
전기기기 및 장치,2012-12-01,계절조정지수 (2020=100),83.7
전기기기 및 장치,2013-01-01,원지수 (2020=100),101.5
전기기기 및 장치,2013-01-01,계절조정지수 (2020=100),106.5
전기기기 및 장치,2013-02-01,원지수 (2020=100),86.6
전기기기 및 장치,2013-02-01,계절조정지수 (2020=100),99.1
전기기기 및 장치,2013-03-01,원지수 (2020=100),106.1
전기기기 및 장치,2013-03-01,계절조정지수 (2020=100),102.0
전기기기 및 장치,2013-04-01,원지수 (2020=100),105.2
전기기기 및 장치,2013-04-01,계절조정지수 (2020=100),105.7
전기기기 및 장치,2013-05-01,원지수 (2020=100),110.0
전기기기 및 장치,2013-05-01,계절조정지수 (2020=100),109.5
전기기기 및 장치,2013-06-01,원지수 (2020=100),109.2
전기기기 및 장치,2013-06-01,계절조정지수 (2020=100),106.4
전기기기 및 장치,2013-07-01,원지수 (2020=100),108.5
전기기기 및 장치,2013-07-01,계절조정지수 (2020=100),108.2
전기기기 및 장치,2013-08-01,원지수 (2020=100),107.0
전기기기 및 장치,2013-08-01,계절조정지수 (2020=100),113.0
전기기기 및 장치,2013-09-01,원지수 (2020=100),105.2
전기기기 및 장치,2013-09-01,계절조정지수 (2020=100),102.4
전기기기 및 장치,2013-10-01,원지수 (2020=100),118.3
전기기기 및 장치,2013-10-01,계절조정지수 (2020=100),117.8
전기기기 및 장치,2013-11-01,원지수 (2020=100),116.4
전기기기 및 장치,2013-11-01,계절조정지수 (2020=100),116.6
전기기기 및 장치,2013-12-01,원지수 (2020=100),102.1
전기기기 및 장치,2013-12-01,계절조정지수 (2020=100),89.6
전기기기 및 장치,2014-01-01,원지수 (2020=100),94.6
전기기기 및 장치,2014-01-01,계절조정지수 (2020=100),100.4
전기기기 및 장치,2014-02-01,원지수 (2020=100),95.7
전기기기 및 장치,2014-02-01,계절조정지수 (2020=100),109.0
전기기기 및 장치,2014-03-01,원지수 (2020=100),115.1
전기기기 및 장치,2014-03-01,계절조정지수 (2020=100),108.1
전기기기 및 장치,2014-04-01,원지수 (2020=100),109.4
전기기기 및 장치,2014-04-01,계절조정지수 (2020=100),107.7
전기기기 및 장치,2014-05-01,원지수 (2020=100),106.5
전기기기 및 장치,2014-05-01,계절조정지수 (2020=100),108.7
전기기기 및 장치,2014-06-01,원지수 (2020=100),109.4
전기기기 및 장치,2014-06-01,계절조정지수 (2020=100),104.6
전기기기 및 장치,2014-07-01,원지수 (2020=100),102.1
전기기기 및 장치,2014-07-01,계절조정지수 (2020=100),101.7
전기기기 및 장치,2014-08-01,원지수 (2020=100),97.5
전기기기 및 장치,2014-08-01,계절조정지수 (2020=100),103.3
전기기기 및 장치,2014-09-01,원지수 (2020=100),114.9
전기기기 및 장치,2014-09-01,계절조정지수 (2020=100),114.7
전기기기 및 장치,2014-10-01,원지수 (2020=100),115.1
전기기기 및 장치,2014-10-01,계절조정지수 (2020=100),109.2
전기기기 및 장치,2014-11-01,원지수 (2020=100),105.4
전기기기 및 장치,2014-11-01,계절조정지수 (2020=100),105.0
전기기기 및 장치,2014-12-01,원지수 (2020=100),117.6
전기기기 및 장치,2014-12-01,계절조정지수 (2020=100),102.7
전기기기 및 장치,2015-01-01,원지수 (2020=100),110.8
전기기기 및 장치,2015-01-01,계절조정지수 (2020=100),119.4
전기기기 및 장치,2015-02-01,원지수 (2020=100),107.5
전기기기 및 장치,2015-02-01,계절조정지수 (2020=100),123.6
전기기기 및 장치,2015-03-01,원지수 (2020=100),129.7
전기기기 및 장치,2015-03-01,계절조정지수 (2020=100),122.1
전기기기 및 장치,2015-04-01,원지수 (2020=100),115.5
전기기기 및 장치,2015-04-01,계절조정지수 (2020=100),113.8
전기기기 및 장치,2015-05-01,원지수 (2020=100),107.5
전기기기 및 장치,2015-05-01,계절조정지수 (2020=100),110.0
전기기기 및 장치,2015-06-01,원지수 (2020=100),128.2
전기기기 및 장치,2015-06-01,계절조정지수 (2020=100),122.9
전기기기 및 장치,2015-07-01,원지수 (2020=100),113.3
전기기기 및 장치,2015-07-01,계절조정지수 (2020=100),112.8
전기기기 및 장치,2015-08-01,원지수 (2020=100),98.6
전기기기 및 장치,2015-08-01,계절조정지수 (2020=100),102.7
전기기기 및 장치,2015-09-01,원지수 (2020=100),108.3
전기기기 및 장치,2015-09-01,계절조정지수 (2020=100),108.2
전기기기 및 장치,2015-10-01,원지수 (2020=100),114.1
전기기기 및 장치,2015-10-01,계절조정지수 (2020=100),112.5
전기기기 및 장치,2015-11-01,원지수 (2020=100),110.9
전기기기 및 장치,2015-11-01,계절조정지수 (2020=100),107.6
전기기기 및 장치,2015-12-01,원지수 (2020=100),129.2
전기기기 및 장치,2015-12-01,계절조정지수 (2020=100),112.1
전기기기 및 장치,2016-01-01,원지수 (2020=100),98.1
전기기기 및 장치,2016-01-01,계절조정지수 (2020=100),105.7
전기기기 및 장치,2016-02-01,원지수 (2020=100),98.4
전기기기 및 장치,2016-02-01,계절조정지수 (2020=100),116.1
전기기기 및 장치,2016-03-01,원지수 (2020=100),128.6
전기기기 및 장치,2016-03-01,계절조정지수 (2020=100),121.4
전기기기 및 장치,2016-04-01,원지수 (2020=100),103.7
전기기기 및 장치,2016-04-01,계절조정지수 (2020=100),102.2
전기기기 및 장치,2016-05-01,원지수 (2020=100),103.1
전기기기 및 장치,2016-05-01,계절조정지수 (2020=100),103.7
전기기기 및 장치,2016-06-01,원지수 (2020=100),117.8
전기기기 및 장치,2016-06-01,계절조정지수 (2020=100),113.3
전기기기 및 장치,2016-07-01,원지수 (2020=100),104.4
전기기기 및 장치,2016-07-01,계절조정지수 (2020=100),106.1
전기기기 및 장치,2016-08-01,원지수 (2020=100),98.9
전기기기 및 장치,2016-08-01,계절조정지수 (2020=100),103.2
전기기기 및 장치,2016-09-01,원지수 (2020=100),105.5
전기기기 및 장치,2016-09-01,계절조정지수 (2020=100),103.3
전기기기 및 장치,2016-10-01,원지수 (2020=100),111.5
전기기기 및 장치,2016-10-01,계절조정지수 (2020=100),111.8
전기기기 및 장치,2016-11-01,원지수 (2020=100),117.9
전기기기 및 장치,2016-11-01,계절조정지수 (2020=100),113.8
전기기기 및 장치,2016-12-01,원지수 (2020=100),139.7
전기기기 및 장치,2016-12-01,계절조정지수 (2020=100),117.7
전기기기 및 장치,2017-01-01,원지수 (2020=100),98.0
전기기기 및 장치,2017-01-01,계절조정지수 (2020=100),105.0
전기기기 및 장치,2017-02-01,원지수 (2020=100),99.6
전기기기 및 장치,2017-02-01,계절조정지수 (2020=100),112.0
전기기기 및 장치,2017-03-01,원지수 (2020=100),129.4
전기기기 및 장치,2017-03-01,계절조정지수 (2020=100),122.6
전기기기 및 장치,2017-04-01,원지수 (2020=100),121.6
전기기기 및 장치,2017-04-01,계절조정지수 (2020=100),124.9
전기기기 및 장치,2017-05-01,원지수 (2020=100),116.2
전기기기 및 장치,2017-05-01,계절조정지수 (2020=100),117.4
전기기기 및 장치,2017-06-01,원지수 (2020=100),127.9
전기기기 및 장치,2017-06-01,계절조정지수 (2020=100),123.3
전기기기 및 장치,2017-07-01,원지수 (2020=100),111.8
전기기기 및 장치,2017-07-01,계절조정지수 (2020=100),113.5
전기기기 및 장치,2017-08-01,원지수 (2020=100),116.7
전기기기 및 장치,2017-08-01,계절조정지수 (2020=100),121.8
전기기기 및 장치,2017-09-01,원지수 (2020=100),129.4
전기기기 및 장치,2017-09-01,계절조정지수 (2020=100),129.0
전기기기 및 장치,2017-10-01,원지수 (2020=100),107.1
전기기기 및 장치,2017-10-01,계절조정지수 (2020=100),105.5
전기기기 및 장치,2017-11-01,원지수 (2020=100),118.2
전기기기 및 장치,2017-11-01,계절조정지수 (2020=100),113.3
전기기기 및 장치,2017-12-01,원지수 (2020=100),131.3
전기기기 및 장치,2017-12-01,계절조정지수 (2020=100),116.4
전기기기 및 장치,2018-01-01,원지수 (2020=100),110.5
전기기기 및 장치,2018-01-01,계절조정지수 (2020=100),118.0
전기기기 및 장치,2018-02-01,원지수 (2020=100),96.0
전기기기 및 장치,2018-02-01,계절조정지수 (2020=100),111.7
전기기기 및 장치,2018-03-01,원지수 (2020=100),116.8
전기기기 및 장치,2018-03-01,계절조정지수 (2020=100),113.4
전기기기 및 장치,2018-04-01,원지수 (2020=100),110.7
전기기기 및 장치,2018-04-01,계절조정지수 (2020=100),109.3
전기기기 및 장치,2018-05-01,원지수 (2020=100),116.7
전기기기 및 장치,2018-05-01,계절조정지수 (2020=100),115.9
전기기기 및 장치,2018-06-01,원지수 (2020=100),113.0
전기기기 및 장치,2018-06-01,계절조정지수 (2020=100),111.5
전기기기 및 장치,2018-07-01,원지수 (2020=100),112.7
전기기기 및 장치,2018-07-01,계절조정지수 (2020=100),111.9
전기기기 및 장치,2018-08-01,원지수 (2020=100),108.0
전기기기 및 장치,2018-08-01,계절조정지수 (2020=100),112.6
전기기기 및 장치,2018-09-01,원지수 (2020=100),107.1
전기기기 및 장치,2018-09-01,계절조정지수 (2020=100),109.6
전기기기 및 장치,2018-10-01,원지수 (2020=100),113.0
전기기기 및 장치,2018-10-01,계절조정지수 (2020=100),110.0
전기기기 및 장치,2018-11-01,원지수 (2020=100),111.1
전기기기 및 장치,2018-11-01,계절조정지수 (2020=100),105.6
전기기기 및 장치,2018-12-01,원지수 (2020=100),114.8
전기기기 및 장치,2018-12-01,계절조정지수 (2020=100),98.4
전기기기 및 장치,2019-01-01,원지수 (2020=100),98.4
전기기기 및 장치,2019-01-01,계절조정지수 (2020=100),107.4
전기기기 및 장치,2019-02-01,원지수 (2020=100),82.4
전기기기 및 장치,2019-02-01,계절조정지수 (2020=100),96.9
전기기기 및 장치,2019-03-01,원지수 (2020=100),98.9
전기기기 및 장치,2019-03-01,계절조정지수 (2020=100),96.4
전기기기 및 장치,2019-04-01,원지수 (2020=100),104.8
전기기기 및 장치,2019-04-01,계절조정지수 (2020=100),103.6
전기기기 및 장치,2019-05-01,원지수 (2020=100),107.6
전기기기 및 장치,2019-05-01,계절조정지수 (2020=100),109.4
전기기기 및 장치,2019-06-01,원지수 (2020=100),103.2
전기기기 및 장치,2019-06-01,계절조정지수 (2020=100),104.3
전기기기 및 장치,2019-07-01,원지수 (2020=100),102.7
전기기기 및 장치,2019-07-01,계절조정지수 (2020=100),102.0
전기기기 및 장치,2019-08-01,원지수 (2020=100),94.9
전기기기 및 장치,2019-08-01,계절조정지수 (2020=100),100.9
전기기기 및 장치,2019-09-01,원지수 (2020=100),99.2
전기기기 및 장치,2019-09-01,계절조정지수 (2020=100),99.6
전기기기 및 장치,2019-10-01,원지수 (2020=100),100.2
전기기기 및 장치,2019-10-01,계절조정지수 (2020=100),97.8
전기기기 및 장치,2019-11-01,원지수 (2020=100),102.8
전기기기 및 장치,2019-11-01,계절조정지수 (2020=100),98.7
전기기기 및 장치,2019-12-01,원지수 (2020=100),117.6
전기기기 및 장치,2019-12-01,계절조정지수 (2020=100),97.5
전기기기 및 장치,2020-01-01,원지수 (2020=100),95.4
전기기기 및 장치,2020-01-01,계절조정지수 (2020=100),103.1
전기기기 및 장치,2020-02-01,원지수 (2020=100),86.2
전기기기 및 장치,2020-02-01,계절조정지수 (2020=100),103.8
전기기기 및 장치,2020-03-01,원지수 (2020=100),104.6
전기기기 및 장치,2020-03-01,계절조정지수 (2020=100),100.4
전기기기 및 장치,2020-04-01,원지수 (2020=100),108.3
전기기기 및 장치,2020-04-01,계절조정지수 (2020=100),107.4
전기기기 및 장치,2020-05-01,원지수 (2020=100),90.3
전기기기 및 장치,2020-05-01,계절조정지수 (2020=100),93.9
전기기기 및 장치,2020-06-01,원지수 (2020=100),100.0
전기기기 및 장치,2020-06-01,계절조정지수 (2020=100),97.3
전기기기 및 장치,2020-07-01,원지수 (2020=100),103.7
전기기기 및 장치,2020-07-01,계절조정지수 (2020=100),103.3
전기기기 및 장치,2020-08-01,원지수 (2020=100),90.2
전기기기 및 장치,2020-08-01,계절조정지수 (2020=100),97.8
전기기기 및 장치,2020-09-01,원지수 (2020=100),103.8
전기기기 및 장치,2020-09-01,계절조정지수 (2020=100),104.4
전기기기 및 장치,2020-10-01,원지수 (2020=100),90.5
전기기기 및 장치,2020-10-01,계절조정지수 (2020=100),88.5
전기기기 및 장치,2020-11-01,원지수 (2020=100),104.2
전기기기 및 장치,2020-11-01,계절조정지수 (2020=100),99.3
전기기기 및 장치,2020-12-01,원지수 (2020=100),122.8
전기기기 및 장치,2020-12-01,계절조정지수 (2020=100),100.7
전기기기 및 장치,2021-01-01,원지수 (2020=100),92.3
전기기기 및 장치,2021-01-01,계절조정지수 (2020=100),102.5
전기기기 및 장치,2021-02-01,원지수 (2020=100),89.8
전기기기 및 장치,2021-02-01,계절조정지수 (2020=100),106.5
전기기기 및 장치,2021-03-01,원지수 (2020=100),109.6
전기기기 및 장치,2021-03-01,계절조정지수 (2020=100),105.8
전기기기 및 장치,2021-04-01,원지수 (2020=100),115.3
전기기기 및 장치,2021-04-01,계절조정지수 (2020=100),117.1
전기기기 및 장치,2021-05-01,원지수 (2020=100),107.2
전기기기 및 장치,2021-05-01,계절조정지수 (2020=100),111.5
전기기기 및 장치,2021-06-01,원지수 (2020=100),149.0
전기기기 및 장치,2021-06-01,계절조정지수 (2020=100),145.3
전기기기 및 장치,2021-07-01,원지수 (2020=100),119.5
전기기기 및 장치,2021-07-01,계절조정지수 (2020=100),121.8
전기기기 및 장치,2021-08-01,원지수 (2020=100),137.4
전기기기 및 장치,2021-08-01,계절조정지수 (2020=100),142.7
전기기기 및 장치,2021-09-01,원지수 (2020=100),120.3
전기기기 및 장치,2021-09-01,계절조정지수 (2020=100),120.8
전기기기 및 장치,2021-10-01,원지수 (2020=100),107.2
전기기기 및 장치,2021-10-01,계절조정지수 (2020=100),105.0
전기기기 및 장치,2021-11-01,원지수 (2020=100),130.4
전기기기 및 장치,2021-11-01,계절조정지수 (2020=100),120.7
전기기기 및 장치,2021-12-01,원지수 (2020=100),174.6
전기기기 및 장치,2021-12-01,계절조정지수 (2020=100),138.6
전기기기 및 장치,2022-01-01,원지수 (2020=100),100.9
전기기기 및 장치,2022-01-01,계절조정지수 (2020=100),113.4
전기기기 및 장치,2022-02-01,원지수 (2020=100),98.9
전기기기 및 장치,2022-02-01,계절조정지수 (2020=100),116.6
전기기기 및 장치,2022-03-01,원지수 (2020=100),116.0
전기기기 및 장치,2022-03-01,계절조정지수 (2020=100),112.6
전기기기 및 장치,2022-04-01,원지수 (2020=100),108.0
전기기기 및 장치,2022-04-01,계절조정지수 (2020=100),110.0
전기기기 및 장치,2022-05-01,원지수 (2020=100),113.0
전기기기 및 장치,2022-05-01,계절조정지수 (2020=100),117.5
전기기기 및 장치,2022-06-01,원지수 (2020=100),115.5
전기기기 및 장치,2022-06-01,계절조정지수 (2020=100),112.7
전기기기 및 장치,2022-07-01,원지수 (2020=100),115.5
전기기기 및 장치,2022-07-01,계절조정지수 (2020=100),117.9
전기기기 및 장치,2022-08-01,원지수 (2020=100),123.5
전기기기 및 장치,2022-08-01,계절조정지수 (2020=100),128.0
전기기기 및 장치,2022-09-01,원지수 (2020=100),115.9
전기기기 및 장치,2022-09-01,계절조정지수 (2020=100),117.2
전기기기 및 장치,2022-10-01,원지수 (2020=100),118.5
전기기기 및 장치,2022-10-01,계절조정지수 (2020=100),120.0
전기기기 및 장치,2022-11-01,원지수 (2020=100),140.1
전기기기 및 장치,2022-11-01,계절조정지수 (2020=100),128.9
전기기기 및 장치,2022-12-01,원지수 (2020=100),160.3
전기기기 및 장치,2022-12-01,계절조정지수 (2020=100),131.5
전기기기 및 장치,2023-01-01,원지수 (2020=100),104.8
전기기기 및 장치,2023-01-01,계절조정지수 (2020=100),115.2
전기기기 및 장치,2023-02-01,원지수 (2020=100),98.4
전기기기 및 장치,2023-02-01,계절조정지수 (2020=100),119.6
전기기기 및 장치,2023-03-01,원지수 (2020=100),119.8
전기기기 및 장치,2023-03-01,계절조정지수 (2020=100),116.7
전기기기 및 장치,2023-04-01,원지수 (2020=100),109.9
전기기기 및 장치,2023-04-01,계절조정지수 (2020=100),112.4
전기기기 및 장치,2023-05-01,원지수 (2020=100),116.3
전기기기 및 장치,2023-05-01,계절조정지수 (2020=100),121.1
전기기기 및 장치,2023-06-01,원지수 (2020=100),120.6
전기기기 및 장치,2023-06-01,계절조정지수 (2020=100),120.3
전기기기 및 장치,2023-07-01,원지수 (2020=100),119.9
전기기기 및 장치,2023-07-01,계절조정지수 (2020=100),122.3
전기기기 및 장치,2023-08-01,원지수 (2020=100),126.7
전기기기 및 장치,2023-08-01,계절조정지수 (2020=100),131.5
전기기기 및 장치,2023-09-01,원지수 (2020=100),115.2
전기기기 및 장치,2023-09-01,계절조정지수 (2020=100),117.8
전기기기 및 장치,2023-10-01,원지수 (2020=100),128.5
전기기기 및 장치,2023-10-01,계절조정지수 (2020=100),125.9
전기기기 및 장치,2023-11-01,원지수 (2020=100),137.6
전기기기 및 장치,2023-11-01,계절조정지수 (2020=100),125.9
전기기기 및 장치,2023-12-01,원지수 (2020=100),153.1
전기기기 및 장치,2023-12-01,계절조정지수 (2020=100),124.6
전기기기 및 장치,2024-01-01,원지수 (2020=100),107.4
전기기기 및 장치,2024-01-01,계절조정지수 (2020=100),118.8
전기기기 및 장치,2024-02-01,원지수 (2020=100),95.4
전기기기 및 장치,2024-02-01,계절조정지수 (2020=100),116.3
전기기기 및 장치,2024-03-01,원지수 (2020=100),121.7
전기기기 및 장치,2024-03-01,계절조정지수 (2020=100),121.4
전기기기 및 장치,2024-04-01,원지수 (2020=100),124.0
전기기기 및 장치,2024-04-01,계절조정지수 (2020=100),124.5
전기기기 및 장치,2024-05-01,원지수 (2020=100),121.1
전기기기 및 장치,2024-05-01,계절조정지수 (2020=100),121.2
전기기기 및 장치,2024-06-01,원지수 (2020=100),127.1
전기기기 및 장치,2024-06-01,계절조정지수 (2020=100),126.6
전기기기 및 장치,2024-07-01,원지수 (2020=100),114.9
전기기기 및 장치,2024-07-01,계절조정지수 (2020=100),114.9
전기기기 및 장치,2024-08-01,원지수 (2020=100),108.6
전기기기 및 장치,2024-08-01,계절조정지수 (2020=100),112.6
전기기기 및 장치,2024-09-01,원지수 (2020=100),113.6
전기기기 및 장치,2024-09-01,계절조정지수 (2020=100),116.2
전기기기 및 장치,2024-10-01,원지수 (2020=100),118.7
전기기기 및 장치,2024-10-01,계절조정지수 (2020=100),116.4
전기기기 및 장치,2024-11-01,원지수 (2020=100),125.7
전기기기 및 장치,2024-11-01,계절조정지수 (2020=100),114.7
전기기기 및 장치,2024-12-01,원지수 (2020=100),162.2
전기기기 및 장치,2024-12-01,계절조정지수 (2020=100),131.1
전기기기 및 장치,2025-01-01,원지수 (2020=100),88.4
전기기기 및 장치,2025-01-01,계절조정지수 (2020=100),101.1
전기기기 및 장치,2025-02-01,원지수 (2020=100),106.6
전기기기 및 장치,2025-02-01,계절조정지수 (2020=100),124.2
전기기기 및 장치,2025-03-01,원지수 (2020=100),145.4
전기기기 및 장치,2025-03-01,계절조정지수 (2020=100),142.0
전기기기 및 장치,2025-04-01,원지수 (2020=100),119.0
전기기기 및 장치,2025-04-01,계절조정지수 (2020=100),124.8
전기기기 및 장치,2025-05-01,원지수 (2020=100),112.5
전기기기 및 장치,2025-05-01,계절조정지수 (2020=100),115.0
전기기기 및 장치,2025-06-01,원지수 (2020=100),129.0
전기기기 및 장치,2025-06-01,계절조정지수 (2020=100),125.8
전기기기 및 장치,2025-07-01,원지수 (2020=100),126.3
전기기기 및 장치,2025-07-01,계절조정지수 (2020=100),126.6
컴퓨터사무용기계,1995-02-01,원지수 (2020=100),15.3
컴퓨터사무용기계,1995-02-01,계절조정지수 (2020=100),15.7
컴퓨터사무용기계,1995-03-01,원지수 (2020=100),18.0
컴퓨터사무용기계,1995-03-01,계절조정지수 (2020=100),16.0
컴퓨터사무용기계,1995-04-01,원지수 (2020=100),17.9
컴퓨터사무용기계,1995-04-01,계절조정지수 (2020=100),17.2
컴퓨터사무용기계,1995-05-01,원지수 (2020=100),18.8
컴퓨터사무용기계,1995-05-01,계절조정지수 (2020=100),18.6
컴퓨터사무용기계,1995-06-01,원지수 (2020=100),19.4
컴퓨터사무용기계,1995-06-01,계절조정지수 (2020=100),19.7
컴퓨터사무용기계,1995-07-01,원지수 (2020=100),18.4
컴퓨터사무용기계,1995-07-01,계절조정지수 (2020=100),19.7
컴퓨터사무용기계,1995-08-01,원지수 (2020=100),17.5
컴퓨터사무용기계,1995-08-01,계절조정지수 (2020=100),18.5
컴퓨터사무용기계,1995-09-01,원지수 (2020=100),17.1
컴퓨터사무용기계,1995-09-01,계절조정지수 (2020=100),19.2
컴퓨터사무용기계,1995-10-01,원지수 (2020=100),18.4
컴퓨터사무용기계,1995-10-01,계절조정지수 (2020=100),19.4
컴퓨터사무용기계,1995-11-01,원지수 (2020=100),20.5
컴퓨터사무용기계,1995-11-01,계절조정지수 (2020=100),20.2
컴퓨터사무용기계,1995-12-01,원지수 (2020=100),23.4
컴퓨터사무용기계,1995-12-01,계절조정지수 (2020=100),20.6
컴퓨터사무용기계,1996-01-01,원지수 (2020=100),18.5
컴퓨터사무용기계,1996-01-01,계절조정지수 (2020=100),18.2
컴퓨터사무용기계,1996-02-01,원지수 (2020=100),24.7
컴퓨터사무용기계,1996-02-01,계절조정지수 (2020=100),25.4
컴퓨터사무용기계,1996-03-01,원지수 (2020=100),25.8
컴퓨터사무용기계,1996-03-01,계절조정지수 (2020=100),23.2
컴퓨터사무용기계,1996-04-01,원지수 (2020=100),25.0
컴퓨터사무용기계,1996-04-01,계절조정지수 (2020=100),24.1
컴퓨터사무용기계,1996-05-01,원지수 (2020=100),24.2
컴퓨터사무용기계,1996-05-01,계절조정지수 (2020=100),24.1
컴퓨터사무용기계,1996-06-01,원지수 (2020=100),24.5
컴퓨터사무용기계,1996-06-01,계절조정지수 (2020=100),25.0
컴퓨터사무용기계,1996-07-01,원지수 (2020=100),22.3
컴퓨터사무용기계,1996-07-01,계절조정지수 (2020=100),23.6
컴퓨터사무용기계,1996-08-01,원지수 (2020=100),24.8
컴퓨터사무용기계,1996-08-01,계절조정지수 (2020=100),26.2
컴퓨터사무용기계,1996-09-01,원지수 (2020=100),20.9
컴퓨터사무용기계,1996-09-01,계절조정지수 (2020=100),24.0
컴퓨터사무용기계,1996-10-01,원지수 (2020=100),23.5
컴퓨터사무용기계,1996-10-01,계절조정지수 (2020=100),24.5
컴퓨터사무용기계,1996-11-01,원지수 (2020=100),24.2
컴퓨터사무용기계,1996-11-01,계절조정지수 (2020=100),23.8
컴퓨터사무용기계,1996-12-01,원지수 (2020=100),29.4
컴퓨터사무용기계,1996-12-01,계절조정지수 (2020=100),25.8
컴퓨터사무용기계,1997-01-01,원지수 (2020=100),25.4
컴퓨터사무용기계,1997-01-01,계절조정지수 (2020=100),25.0
컴퓨터사무용기계,1997-02-01,원지수 (2020=100),22.8
컴퓨터사무용기계,1997-02-01,계절조정지수 (2020=100),23.9
컴퓨터사무용기계,1997-03-01,원지수 (2020=100),27.7
컴퓨터사무용기계,1997-03-01,계절조정지수 (2020=100),24.8
컴퓨터사무용기계,1997-04-01,원지수 (2020=100),26.2
컴퓨터사무용기계,1997-04-01,계절조정지수 (2020=100),24.8
컴퓨터사무용기계,1997-05-01,원지수 (2020=100),25.2
컴퓨터사무용기계,1997-05-01,계절조정지수 (2020=100),25.5
컴퓨터사무용기계,1997-06-01,원지수 (2020=100),24.1
컴퓨터사무용기계,1997-06-01,계절조정지수 (2020=100),24.6
컴퓨터사무용기계,1997-07-01,원지수 (2020=100),23.8
컴퓨터사무용기계,1997-07-01,계절조정지수 (2020=100),25.3
컴퓨터사무용기계,1997-08-01,원지수 (2020=100),22.6
컴퓨터사무용기계,1997-08-01,계절조정지수 (2020=100),24.3
컴퓨터사무용기계,1997-09-01,원지수 (2020=100),21.2
컴퓨터사무용기계,1997-09-01,계절조정지수 (2020=100),23.9
컴퓨터사무용기계,1997-10-01,원지수 (2020=100),24.9
컴퓨터사무용기계,1997-10-01,계절조정지수 (2020=100),25.8
컴퓨터사무용기계,1997-11-01,원지수 (2020=100),25.2
컴퓨터사무용기계,1997-11-01,계절조정지수 (2020=100),25.2
컴퓨터사무용기계,1997-12-01,원지수 (2020=100),27.5
컴퓨터사무용기계,1997-12-01,계절조정지수 (2020=100),24.0
컴퓨터사무용기계,1998-01-01,원지수 (2020=100),23.4
컴퓨터사무용기계,1998-01-01,계절조정지수 (2020=100),24.1
컴퓨터사무용기계,1998-02-01,원지수 (2020=100),22.6
컴퓨터사무용기계,1998-02-01,계절조정지수 (2020=100),23.1
컴퓨터사무용기계,1998-03-01,원지수 (2020=100),21.5
컴퓨터사무용기계,1998-03-01,계절조정지수 (2020=100),18.9
컴퓨터사무용기계,1998-04-01,원지수 (2020=100),18.6
컴퓨터사무용기계,1998-04-01,계절조정지수 (2020=100),17.5
컴퓨터사무용기계,1998-05-01,원지수 (2020=100),16.1
컴퓨터사무용기계,1998-05-01,계절조정지수 (2020=100),16.4
컴퓨터사무용기계,1998-06-01,원지수 (2020=100),14.3
컴퓨터사무용기계,1998-06-01,계절조정지수 (2020=100),14.6
컴퓨터사무용기계,1998-07-01,원지수 (2020=100),15.4
컴퓨터사무용기계,1998-07-01,계절조정지수 (2020=100),16.4
컴퓨터사무용기계,1998-08-01,원지수 (2020=100),14.7
컴퓨터사무용기계,1998-08-01,계절조정지수 (2020=100),15.8
컴퓨터사무용기계,1998-09-01,원지수 (2020=100),18.8
컴퓨터사무용기계,1998-09-01,계절조정지수 (2020=100),20.4
컴퓨터사무용기계,1998-10-01,원지수 (2020=100),19.4
컴퓨터사무용기계,1998-10-01,계절조정지수 (2020=100),20.4
컴퓨터사무용기계,1998-11-01,원지수 (2020=100),25.3
컴퓨터사무용기계,1998-11-01,계절조정지수 (2020=100),25.4
컴퓨터사무용기계,1998-12-01,원지수 (2020=100),30.1
컴퓨터사무용기계,1998-12-01,계절조정지수 (2020=100),25.8
컴퓨터사무용기계,1999-01-01,원지수 (2020=100),30.2
컴퓨터사무용기계,1999-01-01,계절조정지수 (2020=100),30.4
컴퓨터사무용기계,1999-02-01,원지수 (2020=100),29.1
컴퓨터사무용기계,1999-02-01,계절조정지수 (2020=100),31.1
컴퓨터사무용기계,1999-03-01,원지수 (2020=100),35.2
컴퓨터사무용기계,1999-03-01,계절조정지수 (2020=100),30.7
컴퓨터사무용기계,1999-04-01,원지수 (2020=100),39.8
컴퓨터사무용기계,1999-04-01,계절조정지수 (2020=100),37.9
컴퓨터사무용기계,1999-05-01,원지수 (2020=100),41.9
컴퓨터사무용기계,1999-05-01,계절조정지수 (2020=100),43.6
컴퓨터사무용기계,1999-06-01,원지수 (2020=100),46.0
컴퓨터사무용기계,1999-06-01,계절조정지수 (2020=100),45.8
컴퓨터사무용기계,1999-07-01,원지수 (2020=100),41.2
컴퓨터사무용기계,1999-07-01,계절조정지수 (2020=100),43.8
컴퓨터사무용기계,1999-08-01,원지수 (2020=100),42.0
컴퓨터사무용기계,1999-08-01,계절조정지수 (2020=100),44.6
컴퓨터사무용기계,1999-09-01,원지수 (2020=100),37.3
컴퓨터사무용기계,1999-09-01,계절조정지수 (2020=100),41.4
컴퓨터사무용기계,1999-10-01,원지수 (2020=100),35.3
컴퓨터사무용기계,1999-10-01,계절조정지수 (2020=100),36.2
컴퓨터사무용기계,1999-11-01,원지수 (2020=100),61.1
컴퓨터사무용기계,1999-11-01,계절조정지수 (2020=100),60.7
컴퓨터사무용기계,1999-12-01,원지수 (2020=100),58.7
컴퓨터사무용기계,1999-12-01,계절조정지수 (2020=100),50.2
컴퓨터사무용기계,2000-01-01,원지수 (2020=100),51.6
컴퓨터사무용기계,2000-01-01,계절조정지수 (2020=100),56.9
컴퓨터사무용기계,2000-02-01,원지수 (2020=100),53.8
컴퓨터사무용기계,2000-02-01,계절조정지수 (2020=100),56.9
컴퓨터사무용기계,2000-03-01,원지수 (2020=100),64.8
컴퓨터사무용기계,2000-03-01,계절조정지수 (2020=100),54.6
컴퓨터사무용기계,2000-04-01,원지수 (2020=100),62.9
컴퓨터사무용기계,2000-04-01,계절조정지수 (2020=100),60.1
컴퓨터사무용기계,2000-05-01,원지수 (2020=100),56.3
컴퓨터사무용기계,2000-05-01,계절조정지수 (2020=100),61.0
컴퓨터사무용기계,2000-06-01,원지수 (2020=100),60.3
컴퓨터사무용기계,2000-06-01,계절조정지수 (2020=100),60.8
컴퓨터사무용기계,2000-07-01,원지수 (2020=100),61.0
컴퓨터사무용기계,2000-07-01,계절조정지수 (2020=100),65.2
컴퓨터사무용기계,2000-08-01,원지수 (2020=100),70.5
컴퓨터사무용기계,2000-08-01,계절조정지수 (2020=100),84.4
컴퓨터사무용기계,2000-09-01,원지수 (2020=100),60.5
컴퓨터사무용기계,2000-09-01,계절조정지수 (2020=100),62.0
컴퓨터사무용기계,2000-10-01,원지수 (2020=100),64.4
컴퓨터사무용기계,2000-10-01,계절조정지수 (2020=100),61.9
컴퓨터사무용기계,2000-11-01,원지수 (2020=100),54.6
컴퓨터사무용기계,2000-11-01,계절조정지수 (2020=100),55.5
컴퓨터사무용기계,2000-12-01,원지수 (2020=100),70.0
컴퓨터사무용기계,2000-12-01,계절조정지수 (2020=100),57.4
컴퓨터사무용기계,2001-01-01,원지수 (2020=100),53.2
컴퓨터사무용기계,2001-01-01,계절조정지수 (2020=100),60.7
컴퓨터사무용기계,2001-02-01,원지수 (2020=100),50.9
컴퓨터사무용기계,2001-02-01,계절조정지수 (2020=100),52.4
컴퓨터사무용기계,2001-03-01,원지수 (2020=100),67.5
컴퓨터사무용기계,2001-03-01,계절조정지수 (2020=100),56.7
컴퓨터사무용기계,2001-04-01,원지수 (2020=100),60.1
컴퓨터사무용기계,2001-04-01,계절조정지수 (2020=100),57.1
컴퓨터사무용기계,2001-05-01,원지수 (2020=100),47.5
컴퓨터사무용기계,2001-05-01,계절조정지수 (2020=100),51.2
컴퓨터사무용기계,2001-06-01,원지수 (2020=100),63.0
컴퓨터사무용기계,2001-06-01,계절조정지수 (2020=100),63.4
컴퓨터사무용기계,2001-07-01,원지수 (2020=100),50.6
컴퓨터사무용기계,2001-07-01,계절조정지수 (2020=100),54.3
컴퓨터사무용기계,2001-08-01,원지수 (2020=100),42.6
컴퓨터사무용기계,2001-08-01,계절조정지수 (2020=100),50.5
컴퓨터사무용기계,2001-09-01,원지수 (2020=100),51.6
컴퓨터사무용기계,2001-09-01,계절조정지수 (2020=100),51.8
컴퓨터사무용기계,2001-10-01,원지수 (2020=100),64.6
컴퓨터사무용기계,2001-10-01,계절조정지수 (2020=100),63.1
컴퓨터사무용기계,2001-11-01,원지수 (2020=100),59.6
컴퓨터사무용기계,2001-11-01,계절조정지수 (2020=100),60.4
컴퓨터사무용기계,2001-12-01,원지수 (2020=100),76.8
컴퓨터사무용기계,2001-12-01,계절조정지수 (2020=100),63.3
컴퓨터사무용기계,2002-01-01,원지수 (2020=100),55.6
컴퓨터사무용기계,2002-01-01,계절조정지수 (2020=100),60.0
컴퓨터사무용기계,2002-02-01,원지수 (2020=100),57.7
컴퓨터사무용기계,2002-02-01,계절조정지수 (2020=100),62.3
컴퓨터사무용기계,2002-03-01,원지수 (2020=100),72.5
컴퓨터사무용기계,2002-03-01,계절조정지수 (2020=100),61.0
컴퓨터사무용기계,2002-04-01,원지수 (2020=100),63.6
컴퓨터사무용기계,2002-04-01,계절조정지수 (2020=100),60.4
컴퓨터사무용기계,2002-05-01,원지수 (2020=100),62.8
컴퓨터사무용기계,2002-05-01,계절조정지수 (2020=100),67.4
컴퓨터사무용기계,2002-06-01,원지수 (2020=100),59.3
컴퓨터사무용기계,2002-06-01,계절조정지수 (2020=100),60.5
컴퓨터사무용기계,2002-07-01,원지수 (2020=100),54.3
컴퓨터사무용기계,2002-07-01,계절조정지수 (2020=100),58.7
컴퓨터사무용기계,2002-08-01,원지수 (2020=100),53.6
컴퓨터사무용기계,2002-08-01,계절조정지수 (2020=100),62.4
컴퓨터사무용기계,2002-09-01,원지수 (2020=100),74.6
컴퓨터사무용기계,2002-09-01,계절조정지수 (2020=100),76.0
컴퓨터사무용기계,2002-10-01,원지수 (2020=100),66.8
컴퓨터사무용기계,2002-10-01,계절조정지수 (2020=100),64.9
컴퓨터사무용기계,2002-11-01,원지수 (2020=100),65.8
컴퓨터사무용기계,2002-11-01,계절조정지수 (2020=100),66.5
컴퓨터사무용기계,2002-12-01,원지수 (2020=100),78.2
컴퓨터사무용기계,2002-12-01,계절조정지수 (2020=100),65.8
컴퓨터사무용기계,2003-01-01,원지수 (2020=100),52.8
컴퓨터사무용기계,2003-01-01,계절조정지수 (2020=100),57.1
컴퓨터사무용기계,2003-02-01,원지수 (2020=100),54.7
컴퓨터사무용기계,2003-02-01,계절조정지수 (2020=100),57.3
컴퓨터사무용기계,2003-03-01,원지수 (2020=100),71.4
컴퓨터사무용기계,2003-03-01,계절조정지수 (2020=100),59.8
컴퓨터사무용기계,2003-04-01,원지수 (2020=100),62.5
컴퓨터사무용기계,2003-04-01,계절조정지수 (2020=100),60.2
컴퓨터사무용기계,2003-05-01,원지수 (2020=100),49.9
컴퓨터사무용기계,2003-05-01,계절조정지수 (2020=100),54.7
컴퓨터사무용기계,2003-06-01,원지수 (2020=100),56.4
컴퓨터사무용기계,2003-06-01,계절조정지수 (2020=100),56.8
컴퓨터사무용기계,2003-07-01,원지수 (2020=100),50.0
컴퓨터사무용기계,2003-07-01,계절조정지수 (2020=100),54.1
컴퓨터사무용기계,2003-08-01,원지수 (2020=100),44.9
컴퓨터사무용기계,2003-08-01,계절조정지수 (2020=100),51.3
컴퓨터사무용기계,2003-09-01,원지수 (2020=100),52.4
컴퓨터사무용기계,2003-09-01,계절조정지수 (2020=100),53.3
컴퓨터사무용기계,2003-10-01,원지수 (2020=100),47.0
컴퓨터사무용기계,2003-10-01,계절조정지수 (2020=100),46.3
컴퓨터사무용기계,2003-11-01,원지수 (2020=100),45.4
컴퓨터사무용기계,2003-11-01,계절조정지수 (2020=100),46.3
컴퓨터사무용기계,2003-12-01,원지수 (2020=100),48.7
컴퓨터사무용기계,2003-12-01,계절조정지수 (2020=100),40.7
컴퓨터사무용기계,2004-01-01,원지수 (2020=100),36.8
컴퓨터사무용기계,2004-01-01,계절조정지수 (2020=100),40.1
컴퓨터사무용기계,2004-02-01,원지수 (2020=100),48.4
컴퓨터사무용기계,2004-02-01,계절조정지수 (2020=100),49.6
컴퓨터사무용기계,2004-03-01,원지수 (2020=100),58.1
컴퓨터사무용기계,2004-03-01,계절조정지수 (2020=100),48.2
컴퓨터사무용기계,2004-04-01,원지수 (2020=100),43.4
컴퓨터사무용기계,2004-04-01,계절조정지수 (2020=100),42.9
컴퓨터사무용기계,2004-05-01,원지수 (2020=100),29.1
컴퓨터사무용기계,2004-05-01,계절조정지수 (2020=100),32.2
컴퓨터사무용기계,2004-06-01,원지수 (2020=100),40.9
컴퓨터사무용기계,2004-06-01,계절조정지수 (2020=100),40.2
컴퓨터사무용기계,2004-07-01,원지수 (2020=100),46.2
컴퓨터사무용기계,2004-07-01,계절조정지수 (2020=100),50.3
컴퓨터사무용기계,2004-08-01,원지수 (2020=100),49.7
컴퓨터사무용기계,2004-08-01,계절조정지수 (2020=100),54.8
컴퓨터사무용기계,2004-09-01,원지수 (2020=100),50.2
컴퓨터사무용기계,2004-09-01,계절조정지수 (2020=100),51.1
컴퓨터사무용기계,2004-10-01,원지수 (2020=100),51.1
컴퓨터사무용기계,2004-10-01,계절조정지수 (2020=100),50.8
컴퓨터사무용기계,2004-11-01,원지수 (2020=100),52.6
컴퓨터사무용기계,2004-11-01,계절조정지수 (2020=100),53.3
컴퓨터사무용기계,2004-12-01,원지수 (2020=100),68.1
컴퓨터사무용기계,2004-12-01,계절조정지수 (2020=100),57.8
컴퓨터사무용기계,2005-01-01,원지수 (2020=100),58.9
컴퓨터사무용기계,2005-01-01,계절조정지수 (2020=100),59.2
컴퓨터사무용기계,2005-02-01,원지수 (2020=100),54.8
컴퓨터사무용기계,2005-02-01,계절조정지수 (2020=100),52.9
컴퓨터사무용기계,2005-03-01,원지수 (2020=100),70.0
컴퓨터사무용기계,2005-03-01,계절조정지수 (2020=100),61.3
컴퓨터사무용기계,2005-04-01,원지수 (2020=100),56.8
컴퓨터사무용기계,2005-04-01,계절조정지수 (2020=100),62.1
컴퓨터사무용기계,2005-05-01,원지수 (2020=100),49.2
컴퓨터사무용기계,2005-05-01,계절조정지수 (2020=100),55.1
컴퓨터사무용기계,2005-06-01,원지수 (2020=100),54.2
컴퓨터사무용기계,2005-06-01,계절조정지수 (2020=100),52.3
컴퓨터사무용기계,2005-07-01,원지수 (2020=100),51.5
컴퓨터사무용기계,2005-07-01,계절조정지수 (2020=100),54.8
컴퓨터사무용기계,2005-08-01,원지수 (2020=100),50.4
컴퓨터사무용기계,2005-08-01,계절조정지수 (2020=100),53.3
컴퓨터사무용기계,2005-09-01,원지수 (2020=100),56.3
컴퓨터사무용기계,2005-09-01,계절조정지수 (2020=100),56.2
컴퓨터사무용기계,2005-10-01,원지수 (2020=100),54.8
컴퓨터사무용기계,2005-10-01,계절조정지수 (2020=100),54.8
컴퓨터사무용기계,2005-11-01,원지수 (2020=100),50.7
컴퓨터사무용기계,2005-11-01,계절조정지수 (2020=100),52.5
컴퓨터사무용기계,2005-12-01,원지수 (2020=100),58.7
컴퓨터사무용기계,2005-12-01,계절조정지수 (2020=100),52.3
컴퓨터사무용기계,2006-01-01,원지수 (2020=100),52.4
컴퓨터사무용기계,2006-01-01,계절조정지수 (2020=100),50.0
컴퓨터사무용기계,2006-02-01,원지수 (2020=100),53.9
컴퓨터사무용기계,2006-02-01,계절조정지수 (2020=100),55.9
컴퓨터사무용기계,2006-03-01,원지수 (2020=100),63.1
컴퓨터사무용기계,2006-03-01,계절조정지수 (2020=100),55.5
컴퓨터사무용기계,2006-04-01,원지수 (2020=100),52.2
컴퓨터사무용기계,2006-04-01,계절조정지수 (2020=100),55.9
컴퓨터사무용기계,2006-05-01,원지수 (2020=100),48.3
컴퓨터사무용기계,2006-05-01,계절조정지수 (2020=100),52.9
컴퓨터사무용기계,2006-06-01,원지수 (2020=100),54.0
컴퓨터사무용기계,2006-06-01,계절조정지수 (2020=100),51.8
컴퓨터사무용기계,2006-07-01,원지수 (2020=100),44.8
컴퓨터사무용기계,2006-07-01,계절조정지수 (2020=100),47.7
컴퓨터사무용기계,2006-08-01,원지수 (2020=100),52.9
컴퓨터사무용기계,2006-08-01,계절조정지수 (2020=100),56.1
컴퓨터사무용기계,2006-09-01,원지수 (2020=100),54.8
컴퓨터사무용기계,2006-09-01,계절조정지수 (2020=100),54.2
컴퓨터사무용기계,2006-10-01,원지수 (2020=100),54.7
컴퓨터사무용기계,2006-10-01,계절조정지수 (2020=100),54.2
컴퓨터사무용기계,2006-11-01,원지수 (2020=100),55.0
컴퓨터사무용기계,2006-11-01,계절조정지수 (2020=100),57.1
컴퓨터사무용기계,2006-12-01,원지수 (2020=100),99.5
컴퓨터사무용기계,2006-12-01,계절조정지수 (2020=100),89.0
컴퓨터사무용기계,2007-01-01,원지수 (2020=100),82.9
컴퓨터사무용기계,2007-01-01,계절조정지수 (2020=100),80.8
컴퓨터사무용기계,2007-02-01,원지수 (2020=100),84.4
컴퓨터사무용기계,2007-02-01,계절조정지수 (2020=100),85.4
컴퓨터사무용기계,2007-03-01,원지수 (2020=100),87.6
컴퓨터사무용기계,2007-03-01,계절조정지수 (2020=100),78.9
컴퓨터사무용기계,2007-04-01,원지수 (2020=100),69.2
컴퓨터사무용기계,2007-04-01,계절조정지수 (2020=100),72.8
컴퓨터사무용기계,2007-05-01,원지수 (2020=100),72.6
컴퓨터사무용기계,2007-05-01,계절조정지수 (2020=100),76.9
컴퓨터사무용기계,2007-06-01,원지수 (2020=100),64.5
컴퓨터사무용기계,2007-06-01,계절조정지수 (2020=100),63.8
컴퓨터사무용기계,2007-07-01,원지수 (2020=100),66.0
컴퓨터사무용기계,2007-07-01,계절조정지수 (2020=100),70.0
컴퓨터사무용기계,2007-08-01,원지수 (2020=100),65.8
컴퓨터사무용기계,2007-08-01,계절조정지수 (2020=100),70.0
컴퓨터사무용기계,2007-09-01,원지수 (2020=100),60.1
컴퓨터사무용기계,2007-09-01,계절조정지수 (2020=100),60.2
컴퓨터사무용기계,2007-10-01,원지수 (2020=100),70.7
컴퓨터사무용기계,2007-10-01,계절조정지수 (2020=100),69.9
컴퓨터사무용기계,2007-11-01,원지수 (2020=100),63.5
컴퓨터사무용기계,2007-11-01,계절조정지수 (2020=100),66.3
컴퓨터사무용기계,2007-12-01,원지수 (2020=100),72.6
컴퓨터사무용기계,2007-12-01,계절조정지수 (2020=100),66.9
컴퓨터사무용기계,2008-01-01,원지수 (2020=100),71.2
컴퓨터사무용기계,2008-01-01,계절조정지수 (2020=100),66.8
컴퓨터사무용기계,2008-02-01,원지수 (2020=100),57.5
컴퓨터사무용기계,2008-02-01,계절조정지수 (2020=100),58.7
컴퓨터사무용기계,2008-03-01,원지수 (2020=100),78.4
컴퓨터사무용기계,2008-03-01,계절조정지수 (2020=100),70.8
컴퓨터사무용기계,2008-04-01,원지수 (2020=100),59.5
컴퓨터사무용기계,2008-04-01,계절조정지수 (2020=100),62.6
컴퓨터사무용기계,2008-05-01,원지수 (2020=100),53.6
컴퓨터사무용기계,2008-05-01,계절조정지수 (2020=100),58.2
컴퓨터사무용기계,2008-06-01,원지수 (2020=100),66.1
컴퓨터사무용기계,2008-06-01,계절조정지수 (2020=100),63.5
컴퓨터사무용기계,2008-07-01,원지수 (2020=100),61.1
컴퓨터사무용기계,2008-07-01,계절조정지수 (2020=100),62.9
컴퓨터사무용기계,2008-08-01,원지수 (2020=100),56.3
컴퓨터사무용기계,2008-08-01,계절조정지수 (2020=100),61.8
컴퓨터사무용기계,2008-09-01,원지수 (2020=100),64.2
컴퓨터사무용기계,2008-09-01,계절조정지수 (2020=100),65.2
컴퓨터사무용기계,2008-10-01,원지수 (2020=100),60.8
컴퓨터사무용기계,2008-10-01,계절조정지수 (2020=100),60.5
컴퓨터사무용기계,2008-11-01,원지수 (2020=100),55.5
컴퓨터사무용기계,2008-11-01,계절조정지수 (2020=100),59.5
컴퓨터사무용기계,2008-12-01,원지수 (2020=100),64.1
컴퓨터사무용기계,2008-12-01,계절조정지수 (2020=100),57.2
컴퓨터사무용기계,2009-01-01,원지수 (2020=100),48.7
컴퓨터사무용기계,2009-01-01,계절조정지수 (2020=100),44.8
컴퓨터사무용기계,2009-02-01,원지수 (2020=100),54.0
컴퓨터사무용기계,2009-02-01,계절조정지수 (2020=100),56.9
컴퓨터사무용기계,2009-03-01,원지수 (2020=100),61.0
컴퓨터사무용기계,2009-03-01,계절조정지수 (2020=100),53.9
컴퓨터사무용기계,2009-04-01,원지수 (2020=100),55.5
컴퓨터사무용기계,2009-04-01,계절조정지수 (2020=100),59.2
컴퓨터사무용기계,2009-05-01,원지수 (2020=100),56.0
컴퓨터사무용기계,2009-05-01,계절조정지수 (2020=100),61.0
컴퓨터사무용기계,2009-06-01,원지수 (2020=100),67.8
컴퓨터사무용기계,2009-06-01,계절조정지수 (2020=100),62.1
컴퓨터사무용기계,2009-07-01,원지수 (2020=100),58.4
컴퓨터사무용기계,2009-07-01,계절조정지수 (2020=100),59.2
컴퓨터사무용기계,2009-08-01,원지수 (2020=100),58.5
컴퓨터사무용기계,2009-08-01,계절조정지수 (2020=100),64.2
컴퓨터사무용기계,2009-09-01,원지수 (2020=100),60.3
컴퓨터사무용기계,2009-09-01,계절조정지수 (2020=100),62.5
컴퓨터사무용기계,2009-10-01,원지수 (2020=100),61.1
컴퓨터사무용기계,2009-10-01,계절조정지수 (2020=100),61.2
컴퓨터사무용기계,2009-11-01,원지수 (2020=100),59.5
컴퓨터사무용기계,2009-11-01,계절조정지수 (2020=100),63.0
컴퓨터사무용기계,2009-12-01,원지수 (2020=100),73.7
컴퓨터사무용기계,2009-12-01,계절조정지수 (2020=100),66.2
컴퓨터사무용기계,2010-01-01,원지수 (2020=100),60.6
컴퓨터사무용기계,2010-01-01,계절조정지수 (2020=100),56.9
컴퓨터사무용기계,2010-02-01,원지수 (2020=100),67.5
컴퓨터사무용기계,2010-02-01,계절조정지수 (2020=100),69.7
컴퓨터사무용기계,2010-03-01,원지수 (2020=100),84.1
컴퓨터사무용기계,2010-03-01,계절조정지수 (2020=100),74.5
컴퓨터사무용기계,2010-04-01,원지수 (2020=100),65.1
컴퓨터사무용기계,2010-04-01,계절조정지수 (2020=100),66.7
컴퓨터사무용기계,2010-05-01,원지수 (2020=100),70.0
컴퓨터사무용기계,2010-05-01,계절조정지수 (2020=100),72.0
컴퓨터사무용기계,2010-06-01,원지수 (2020=100),78.7
컴퓨터사무용기계,2010-06-01,계절조정지수 (2020=100),74.1
컴퓨터사무용기계,2010-07-01,원지수 (2020=100),78.4
컴퓨터사무용기계,2010-07-01,계절조정지수 (2020=100),78.5
컴퓨터사무용기계,2010-08-01,원지수 (2020=100),71.1
컴퓨터사무용기계,2010-08-01,계절조정지수 (2020=100),79.7
컴퓨터사무용기계,2010-09-01,원지수 (2020=100),83.9
컴퓨터사무용기계,2010-09-01,계절조정지수 (2020=100),87.5
컴퓨터사무용기계,2010-10-01,원지수 (2020=100),84.9
컴퓨터사무용기계,2010-10-01,계절조정지수 (2020=100),87.8
컴퓨터사무용기계,2010-11-01,원지수 (2020=100),100.0
컴퓨터사무용기계,2010-11-01,계절조정지수 (2020=100),107.0
컴퓨터사무용기계,2010-12-01,원지수 (2020=100),88.3
컴퓨터사무용기계,2010-12-01,계절조정지수 (2020=100),76.9
컴퓨터사무용기계,2011-01-01,원지수 (2020=100),99.8
컴퓨터사무용기계,2011-01-01,계절조정지수 (2020=100),85.7
컴퓨터사무용기계,2011-02-01,원지수 (2020=100),78.1
컴퓨터사무용기계,2011-02-01,계절조정지수 (2020=100),82.8
컴퓨터사무용기계,2011-03-01,원지수 (2020=100),99.4
컴퓨터사무용기계,2011-03-01,계절조정지수 (2020=100),87.8
컴퓨터사무용기계,2011-04-01,원지수 (2020=100),89.5
컴퓨터사무용기계,2011-04-01,계절조정지수 (2020=100),92.2
컴퓨터사무용기계,2011-05-01,원지수 (2020=100),90.2
컴퓨터사무용기계,2011-05-01,계절조정지수 (2020=100),93.9
컴퓨터사무용기계,2011-06-01,원지수 (2020=100),99.6
컴퓨터사무용기계,2011-06-01,계절조정지수 (2020=100),95.2
컴퓨터사무용기계,2011-07-01,원지수 (2020=100),95.4
컴퓨터사무용기계,2011-07-01,계절조정지수 (2020=100),97.1
컴퓨터사무용기계,2011-08-01,원지수 (2020=100),93.2
컴퓨터사무용기계,2011-08-01,계절조정지수 (2020=100),106.5
컴퓨터사무용기계,2011-09-01,원지수 (2020=100),76.6
컴퓨터사무용기계,2011-09-01,계절조정지수 (2020=100),84.1
컴퓨터사무용기계,2011-10-01,원지수 (2020=100),81.9
컴퓨터사무용기계,2011-10-01,계절조정지수 (2020=100),85.2
컴퓨터사무용기계,2011-11-01,원지수 (2020=100),80.1
컴퓨터사무용기계,2011-11-01,계절조정지수 (2020=100),86.6
컴퓨터사무용기계,2011-12-01,원지수 (2020=100),81.6
컴퓨터사무용기계,2011-12-01,계절조정지수 (2020=100),72.4
컴퓨터사무용기계,2012-01-01,원지수 (2020=100),90.5
컴퓨터사무용기계,2012-01-01,계절조정지수 (2020=100),80.0
컴퓨터사무용기계,2012-02-01,원지수 (2020=100),88.8
컴퓨터사무용기계,2012-02-01,계절조정지수 (2020=100),88.8
컴퓨터사무용기계,2012-03-01,원지수 (2020=100),85.9
컴퓨터사무용기계,2012-03-01,계절조정지수 (2020=100),75.7
컴퓨터사무용기계,2012-04-01,원지수 (2020=100),84.0
컴퓨터사무용기계,2012-04-01,계절조정지수 (2020=100),85.2
컴퓨터사무용기계,2012-05-01,원지수 (2020=100),83.3
컴퓨터사무용기계,2012-05-01,계절조정지수 (2020=100),86.4
컴퓨터사무용기계,2012-06-01,원지수 (2020=100),87.6
컴퓨터사무용기계,2012-06-01,계절조정지수 (2020=100),85.8
컴퓨터사무용기계,2012-07-01,원지수 (2020=100),81.0
컴퓨터사무용기계,2012-07-01,계절조정지수 (2020=100),83.1
컴퓨터사무용기계,2012-08-01,원지수 (2020=100),62.7
컴퓨터사무용기계,2012-08-01,계절조정지수 (2020=100),72.2
컴퓨터사무용기계,2012-09-01,원지수 (2020=100),62.5
컴퓨터사무용기계,2012-09-01,계절조정지수 (2020=100),71.4
컴퓨터사무용기계,2012-10-01,원지수 (2020=100),77.3
컴퓨터사무용기계,2012-10-01,계절조정지수 (2020=100),80.1
컴퓨터사무용기계,2012-11-01,원지수 (2020=100),76.4
컴퓨터사무용기계,2012-11-01,계절조정지수 (2020=100),83.4
컴퓨터사무용기계,2012-12-01,원지수 (2020=100),85.4
컴퓨터사무용기계,2012-12-01,계절조정지수 (2020=100),74.7
컴퓨터사무용기계,2013-01-01,원지수 (2020=100),96.1
컴퓨터사무용기계,2013-01-01,계절조정지수 (2020=100),84.1
컴퓨터사무용기계,2013-02-01,원지수 (2020=100),82.9
컴퓨터사무용기계,2013-02-01,계절조정지수 (2020=100),81.4
컴퓨터사무용기계,2013-03-01,원지수 (2020=100),85.6
컴퓨터사무용기계,2013-03-01,계절조정지수 (2020=100),76.6
컴퓨터사무용기계,2013-04-01,원지수 (2020=100),80.2
컴퓨터사무용기계,2013-04-01,계절조정지수 (2020=100),80.9
컴퓨터사무용기계,2013-05-01,원지수 (2020=100),73.5
컴퓨터사무용기계,2013-05-01,계절조정지수 (2020=100),77.1
컴퓨터사무용기계,2013-06-01,원지수 (2020=100),70.5
컴퓨터사무용기계,2013-06-01,계절조정지수 (2020=100),72.0
컴퓨터사무용기계,2013-07-01,원지수 (2020=100),71.8
컴퓨터사무용기계,2013-07-01,계절조정지수 (2020=100),73.6
컴퓨터사무용기계,2013-08-01,원지수 (2020=100),65.1
컴퓨터사무용기계,2013-08-01,계절조정지수 (2020=100),76.7
컴퓨터사무용기계,2013-09-01,원지수 (2020=100),68.3
컴퓨터사무용기계,2013-09-01,계절조정지수 (2020=100),75.6
컴퓨터사무용기계,2013-10-01,원지수 (2020=100),69.3
컴퓨터사무용기계,2013-10-01,계절조정지수 (2020=100),72.6
컴퓨터사무용기계,2013-11-01,원지수 (2020=100),62.4
컴퓨터사무용기계,2013-11-01,계절조정지수 (2020=100),69.9
컴퓨터사무용기계,2013-12-01,원지수 (2020=100),96.2
컴퓨터사무용기계,2013-12-01,계절조정지수 (2020=100),78.3
컴퓨터사무용기계,2014-01-01,원지수 (2020=100),93.1
컴퓨터사무용기계,2014-01-01,계절조정지수 (2020=100),77.0
컴퓨터사무용기계,2014-02-01,원지수 (2020=100),72.2
컴퓨터사무용기계,2014-02-01,계절조정지수 (2020=100),72.9
컴퓨터사무용기계,2014-03-01,원지수 (2020=100),96.6
컴퓨터사무용기계,2014-03-01,계절조정지수 (2020=100),84.6
컴퓨터사무용기계,2014-04-01,원지수 (2020=100),74.1
컴퓨터사무용기계,2014-04-01,계절조정지수 (2020=100),73.0
컴퓨터사무용기계,2014-05-01,원지수 (2020=100),67.0
컴퓨터사무용기계,2014-05-01,계절조정지수 (2020=100),73.1
컴퓨터사무용기계,2014-06-01,원지수 (2020=100),70.1
컴퓨터사무용기계,2014-06-01,계절조정지수 (2020=100),71.4
컴퓨터사무용기계,2014-07-01,원지수 (2020=100),68.5
컴퓨터사무용기계,2014-07-01,계절조정지수 (2020=100),72.0
컴퓨터사무용기계,2014-08-01,원지수 (2020=100),62.6
컴퓨터사무용기계,2014-08-01,계절조정지수 (2020=100),72.8
컴퓨터사무용기계,2014-09-01,원지수 (2020=100),68.4
컴퓨터사무용기계,2014-09-01,계절조정지수 (2020=100),77.1
컴퓨터사무용기계,2014-10-01,원지수 (2020=100),76.6
컴퓨터사무용기계,2014-10-01,계절조정지수 (2020=100),78.2
컴퓨터사무용기계,2014-11-01,원지수 (2020=100),67.2
컴퓨터사무용기계,2014-11-01,계절조정지수 (2020=100),75.6
컴퓨터사무용기계,2014-12-01,원지수 (2020=100),96.4
컴퓨터사무용기계,2014-12-01,계절조정지수 (2020=100),76.4
컴퓨터사무용기계,2015-01-01,원지수 (2020=100),81.5
컴퓨터사무용기계,2015-01-01,계절조정지수 (2020=100),71.6
컴퓨터사무용기계,2015-02-01,원지수 (2020=100),76.8
컴퓨터사무용기계,2015-02-01,계절조정지수 (2020=100),73.0
컴퓨터사무용기계,2015-03-01,원지수 (2020=100),82.8
컴퓨터사무용기계,2015-03-01,계절조정지수 (2020=100),72.1
컴퓨터사무용기계,2015-04-01,원지수 (2020=100),71.7
컴퓨터사무용기계,2015-04-01,계절조정지수 (2020=100),70.9
컴퓨터사무용기계,2015-05-01,원지수 (2020=100),64.6
컴퓨터사무용기계,2015-05-01,계절조정지수 (2020=100),72.2
컴퓨터사무용기계,2015-06-01,원지수 (2020=100),66.5
컴퓨터사무용기계,2015-06-01,계절조정지수 (2020=100),68.5
컴퓨터사무용기계,2015-07-01,원지수 (2020=100),65.0
컴퓨터사무용기계,2015-07-01,계절조정지수 (2020=100),69.8
컴퓨터사무용기계,2015-08-01,원지수 (2020=100),64.4
컴퓨터사무용기계,2015-08-01,계절조정지수 (2020=100),72.1
컴퓨터사무용기계,2015-09-01,원지수 (2020=100),61.2
컴퓨터사무용기계,2015-09-01,계절조정지수 (2020=100),68.7
컴퓨터사무용기계,2015-10-01,원지수 (2020=100),63.5
컴퓨터사무용기계,2015-10-01,계절조정지수 (2020=100),68.2
컴퓨터사무용기계,2015-11-01,원지수 (2020=100),61.7
컴퓨터사무용기계,2015-11-01,계절조정지수 (2020=100),67.8
컴퓨터사무용기계,2015-12-01,원지수 (2020=100),91.8
컴퓨터사무용기계,2015-12-01,계절조정지수 (2020=100),71.8
컴퓨터사무용기계,2016-01-01,원지수 (2020=100),76.3
컴퓨터사무용기계,2016-01-01,계절조정지수 (2020=100),65.8
컴퓨터사무용기계,2016-02-01,원지수 (2020=100),77.5
컴퓨터사무용기계,2016-02-01,계절조정지수 (2020=100),75.6
컴퓨터사무용기계,2016-03-01,원지수 (2020=100),83.4
컴퓨터사무용기계,2016-03-01,계절조정지수 (2020=100),72.4
컴퓨터사무용기계,2016-04-01,원지수 (2020=100),70.1
컴퓨터사무용기계,2016-04-01,계절조정지수 (2020=100),69.4
컴퓨터사무용기계,2016-05-01,원지수 (2020=100),61.7
컴퓨터사무용기계,2016-05-01,계절조정지수 (2020=100),69.3
컴퓨터사무용기계,2016-06-01,원지수 (2020=100),78.3
컴퓨터사무용기계,2016-06-01,계절조정지수 (2020=100),81.2
컴퓨터사무용기계,2016-07-01,원지수 (2020=100),63.8
컴퓨터사무용기계,2016-07-01,계절조정지수 (2020=100),71.0
컴퓨터사무용기계,2016-08-01,원지수 (2020=100),64.7
컴퓨터사무용기계,2016-08-01,계절조정지수 (2020=100),71.2
컴퓨터사무용기계,2016-09-01,원지수 (2020=100),69.5
컴퓨터사무용기계,2016-09-01,계절조정지수 (2020=100),76.2
컴퓨터사무용기계,2016-10-01,원지수 (2020=100),67.8
컴퓨터사무용기계,2016-10-01,계절조정지수 (2020=100),75.0
컴퓨터사무용기계,2016-11-01,원지수 (2020=100),70.7
컴퓨터사무용기계,2016-11-01,계절조정지수 (2020=100),77.4
컴퓨터사무용기계,2016-12-01,원지수 (2020=100),91.7
컴퓨터사무용기계,2016-12-01,계절조정지수 (2020=100),70.0
컴퓨터사무용기계,2017-01-01,원지수 (2020=100),95.1
컴퓨터사무용기계,2017-01-01,계절조정지수 (2020=100),76.0
컴퓨터사무용기계,2017-02-01,원지수 (2020=100),88.1
컴퓨터사무용기계,2017-02-01,계절조정지수 (2020=100),86.2
컴퓨터사무용기계,2017-03-01,원지수 (2020=100),90.7
컴퓨터사무용기계,2017-03-01,계절조정지수 (2020=100),78.8
컴퓨터사무용기계,2017-04-01,원지수 (2020=100),76.1
컴퓨터사무용기계,2017-04-01,계절조정지수 (2020=100),78.3
컴퓨터사무용기계,2017-05-01,원지수 (2020=100),66.8
컴퓨터사무용기계,2017-05-01,계절조정지수 (2020=100),76.8
컴퓨터사무용기계,2017-06-01,원지수 (2020=100),79.5
컴퓨터사무용기계,2017-06-01,계절조정지수 (2020=100),82.5
컴퓨터사무용기계,2017-07-01,원지수 (2020=100),89.4
컴퓨터사무용기계,2017-07-01,계절조정지수 (2020=100),100.1
컴퓨터사무용기계,2017-08-01,원지수 (2020=100),80.0
컴퓨터사무용기계,2017-08-01,계절조정지수 (2020=100),87.0
컴퓨터사무용기계,2017-09-01,원지수 (2020=100),83.2
컴퓨터사무용기계,2017-09-01,계절조정지수 (2020=100),92.5
컴퓨터사무용기계,2017-10-01,원지수 (2020=100),70.5
컴퓨터사무용기계,2017-10-01,계절조정지수 (2020=100),77.1
컴퓨터사무용기계,2017-11-01,원지수 (2020=100),76.1
컴퓨터사무용기계,2017-11-01,계절조정지수 (2020=100),82.7
컴퓨터사무용기계,2017-12-01,원지수 (2020=100),109.0
컴퓨터사무용기계,2017-12-01,계절조정지수 (2020=100),89.5
컴퓨터사무용기계,2018-01-01,원지수 (2020=100),126.0
컴퓨터사무용기계,2018-01-01,계절조정지수 (2020=100),103.2
컴퓨터사무용기계,2018-02-01,원지수 (2020=100),83.9
컴퓨터사무용기계,2018-02-01,계절조정지수 (2020=100),80.8
컴퓨터사무용기계,2018-03-01,원지수 (2020=100),93.9
컴퓨터사무용기계,2018-03-01,계절조정지수 (2020=100),83.5
컴퓨터사무용기계,2018-04-01,원지수 (2020=100),86.8
컴퓨터사무용기계,2018-04-01,계절조정지수 (2020=100),85.2
컴퓨터사무용기계,2018-05-01,원지수 (2020=100),73.9
컴퓨터사무용기계,2018-05-01,계절조정지수 (2020=100),84.4
컴퓨터사무용기계,2018-06-01,원지수 (2020=100),78.5
컴퓨터사무용기계,2018-06-01,계절조정지수 (2020=100),83.1
컴퓨터사무용기계,2018-07-01,원지수 (2020=100),78.4
컴퓨터사무용기계,2018-07-01,계절조정지수 (2020=100),86.2
컴퓨터사무용기계,2018-08-01,원지수 (2020=100),82.0
컴퓨터사무용기계,2018-08-01,계절조정지수 (2020=100),88.5
컴퓨터사무용기계,2018-09-01,원지수 (2020=100),71.4
컴퓨터사무용기계,2018-09-01,계절조정지수 (2020=100),81.0
컴퓨터사무용기계,2018-10-01,원지수 (2020=100),78.3
컴퓨터사무용기계,2018-10-01,계절조정지수 (2020=100),85.0
컴퓨터사무용기계,2018-11-01,원지수 (2020=100),83.5
컴퓨터사무용기계,2018-11-01,계절조정지수 (2020=100),90.3
컴퓨터사무용기계,2018-12-01,원지수 (2020=100),116.1
컴퓨터사무용기계,2018-12-01,계절조정지수 (2020=100),94.7
컴퓨터사무용기계,2019-01-01,원지수 (2020=100),118.9
컴퓨터사무용기계,2019-01-01,계절조정지수 (2020=100),92.6
컴퓨터사무용기계,2019-02-01,원지수 (2020=100),88.7
컴퓨터사무용기계,2019-02-01,계절조정지수 (2020=100),90.6
컴퓨터사무용기계,2019-03-01,원지수 (2020=100),106.4
컴퓨터사무용기계,2019-03-01,계절조정지수 (2020=100),94.9
컴퓨터사무용기계,2019-04-01,원지수 (2020=100),97.8
컴퓨터사무용기계,2019-04-01,계절조정지수 (2020=100),95.8
컴퓨터사무용기계,2019-05-01,원지수 (2020=100),80.8
컴퓨터사무용기계,2019-05-01,계절조정지수 (2020=100),94.9
컴퓨터사무용기계,2019-06-01,원지수 (2020=100),89.9
컴퓨터사무용기계,2019-06-01,계절조정지수 (2020=100),97.2
컴퓨터사무용기계,2019-07-01,원지수 (2020=100),91.6
컴퓨터사무용기계,2019-07-01,계절조정지수 (2020=100),100.0
컴퓨터사무용기계,2019-08-01,원지수 (2020=100),92.6
컴퓨터사무용기계,2019-08-01,계절조정지수 (2020=100),102.0
컴퓨터사무용기계,2019-09-01,원지수 (2020=100),95.0
컴퓨터사무용기계,2019-09-01,계절조정지수 (2020=100),105.2
컴퓨터사무용기계,2019-10-01,원지수 (2020=100),103.9
컴퓨터사무용기계,2019-10-01,계절조정지수 (2020=100),113.7
컴퓨터사무용기계,2019-11-01,원지수 (2020=100),92.7
컴퓨터사무용기계,2019-11-01,계절조정지수 (2020=100),101.8
컴퓨터사무용기계,2019-12-01,원지수 (2020=100),124.8
컴퓨터사무용기계,2019-12-01,계절조정지수 (2020=100),101.4
컴퓨터사무용기계,2020-01-01,원지수 (2020=100),107.0
컴퓨터사무용기계,2020-01-01,계절조정지수 (2020=100),82.7
컴퓨터사무용기계,2020-02-01,원지수 (2020=100),69.6
컴퓨터사무용기계,2020-02-01,계절조정지수 (2020=100),68.9
컴퓨터사무용기계,2020-03-01,원지수 (2020=100),109.7
컴퓨터사무용기계,2020-03-01,계절조정지수 (2020=100),94.9
컴퓨터사무용기계,2020-04-01,원지수 (2020=100),110.2
컴퓨터사무용기계,2020-04-01,계절조정지수 (2020=100),107.4
컴퓨터사무용기계,2020-05-01,원지수 (2020=100),105.5
컴퓨터사무용기계,2020-05-01,계절조정지수 (2020=100),125.8
컴퓨터사무용기계,2020-06-01,원지수 (2020=100),101.7
컴퓨터사무용기계,2020-06-01,계절조정지수 (2020=100),104.3
컴퓨터사무용기계,2020-07-01,원지수 (2020=100),87.8
컴퓨터사무용기계,2020-07-01,계절조정지수 (2020=100),93.6
컴퓨터사무용기계,2020-08-01,원지수 (2020=100),89.4
컴퓨터사무용기계,2020-08-01,계절조정지수 (2020=100),99.9
컴퓨터사무용기계,2020-09-01,원지수 (2020=100),95.7
컴퓨터사무용기계,2020-09-01,계절조정지수 (2020=100),104.2
컴퓨터사무용기계,2020-10-01,원지수 (2020=100),98.8
컴퓨터사무용기계,2020-10-01,계절조정지수 (2020=100),107.7
컴퓨터사무용기계,2020-11-01,원지수 (2020=100),102.3
컴퓨터사무용기계,2020-11-01,계절조정지수 (2020=100),110.9
컴퓨터사무용기계,2020-12-01,원지수 (2020=100),122.4
컴퓨터사무용기계,2020-12-01,계절조정지수 (2020=100),99.8
컴퓨터사무용기계,2021-01-01,원지수 (2020=100),148.5
컴퓨터사무용기계,2021-01-01,계절조정지수 (2020=100),115.0
컴퓨터사무용기계,2021-02-01,원지수 (2020=100),108.6
컴퓨터사무용기계,2021-02-01,계절조정지수 (2020=100),105.0
컴퓨터사무용기계,2021-03-01,원지수 (2020=100),139.5
컴퓨터사무용기계,2021-03-01,계절조정지수 (2020=100),121.0
컴퓨터사무용기계,2021-04-01,원지수 (2020=100),112.6
컴퓨터사무용기계,2021-04-01,계절조정지수 (2020=100),113.2
컴퓨터사무용기계,2021-05-01,원지수 (2020=100),121.7
컴퓨터사무용기계,2021-05-01,계절조정지수 (2020=100),146.2
컴퓨터사무용기계,2021-06-01,원지수 (2020=100),103.0
컴퓨터사무용기계,2021-06-01,계절조정지수 (2020=100),105.1
컴퓨터사무용기계,2021-07-01,원지수 (2020=100),99.6
컴퓨터사무용기계,2021-07-01,계절조정지수 (2020=100),106.8
컴퓨터사무용기계,2021-08-01,원지수 (2020=100),103.8
컴퓨터사무용기계,2021-08-01,계절조정지수 (2020=100),111.9
컴퓨터사무용기계,2021-09-01,원지수 (2020=100),106.6
컴퓨터사무용기계,2021-09-01,계절조정지수 (2020=100),115.3
컴퓨터사무용기계,2021-10-01,원지수 (2020=100),100.5
컴퓨터사무용기계,2021-10-01,계절조정지수 (2020=100),110.7
컴퓨터사무용기계,2021-11-01,원지수 (2020=100),107.1
컴퓨터사무용기계,2021-11-01,계절조정지수 (2020=100),113.6
컴퓨터사무용기계,2021-12-01,원지수 (2020=100),135.7
컴퓨터사무용기계,2021-12-01,계절조정지수 (2020=100),109.7
컴퓨터사무용기계,2022-01-01,원지수 (2020=100),154.9
컴퓨터사무용기계,2022-01-01,계절조정지수 (2020=100),112.7
컴퓨터사무용기계,2022-02-01,원지수 (2020=100),139.7
컴퓨터사무용기계,2022-02-01,계절조정지수 (2020=100),140.3
컴퓨터사무용기계,2022-03-01,원지수 (2020=100),136.5
컴퓨터사무용기계,2022-03-01,계절조정지수 (2020=100),118.8
컴퓨터사무용기계,2022-04-01,원지수 (2020=100),115.1
컴퓨터사무용기계,2022-04-01,계절조정지수 (2020=100),117.6
컴퓨터사무용기계,2022-05-01,원지수 (2020=100),110.3
컴퓨터사무용기계,2022-05-01,계절조정지수 (2020=100),133.7
컴퓨터사무용기계,2022-06-01,원지수 (2020=100),110.9
컴퓨터사무용기계,2022-06-01,계절조정지수 (2020=100),112.7
컴퓨터사무용기계,2022-07-01,원지수 (2020=100),120.7
컴퓨터사무용기계,2022-07-01,계절조정지수 (2020=100),127.5
컴퓨터사무용기계,2022-08-01,원지수 (2020=100),109.0
컴퓨터사무용기계,2022-08-01,계절조정지수 (2020=100),118.1
컴퓨터사무용기계,2022-09-01,원지수 (2020=100),105.5
컴퓨터사무용기계,2022-09-01,계절조정지수 (2020=100),113.8
컴퓨터사무용기계,2022-10-01,원지수 (2020=100),97.3
컴퓨터사무용기계,2022-10-01,계절조정지수 (2020=100),112.3
컴퓨터사무용기계,2022-11-01,원지수 (2020=100),101.1
컴퓨터사무용기계,2022-11-01,계절조정지수 (2020=100),107.8
컴퓨터사무용기계,2022-12-01,원지수 (2020=100),104.7
컴퓨터사무용기계,2022-12-01,계절조정지수 (2020=100),88.5
컴퓨터사무용기계,2023-01-01,원지수 (2020=100),132.5
컴퓨터사무용기계,2023-01-01,계절조정지수 (2020=100),97.9
컴퓨터사무용기계,2023-02-01,원지수 (2020=100),103.6
컴퓨터사무용기계,2023-02-01,계절조정지수 (2020=100),100.5
컴퓨터사무용기계,2023-03-01,원지수 (2020=100),108.6
컴퓨터사무용기계,2023-03-01,계절조정지수 (2020=100),94.7
컴퓨터사무용기계,2023-04-01,원지수 (2020=100),92.2
컴퓨터사무용기계,2023-04-01,계절조정지수 (2020=100),95.5
컴퓨터사무용기계,2023-05-01,원지수 (2020=100),75.7
컴퓨터사무용기계,2023-05-01,계절조정지수 (2020=100),92.5
컴퓨터사무용기계,2023-06-01,원지수 (2020=100),93.4
컴퓨터사무용기계,2023-06-01,계절조정지수 (2020=100),96.5
컴퓨터사무용기계,2023-07-01,원지수 (2020=100),92.6
컴퓨터사무용기계,2023-07-01,계절조정지수 (2020=100),96.5
컴퓨터사무용기계,2023-08-01,원지수 (2020=100),79.7
컴퓨터사무용기계,2023-08-01,계절조정지수 (2020=100),86.6
컴퓨터사무용기계,2023-09-01,원지수 (2020=100),84.9
컴퓨터사무용기계,2023-09-01,계절조정지수 (2020=100),92.8
컴퓨터사무용기계,2023-10-01,원지수 (2020=100),81.1
컴퓨터사무용기계,2023-10-01,계절조정지수 (2020=100),90.7
컴퓨터사무용기계,2023-11-01,원지수 (2020=100),75.7
컴퓨터사무용기계,2023-11-01,계절조정지수 (2020=100),81.1
컴퓨터사무용기계,2023-12-01,원지수 (2020=100),113.7
컴퓨터사무용기계,2023-12-01,계절조정지수 (2020=100),96.1
컴퓨터사무용기계,2024-01-01,원지수 (2020=100),135.2
컴퓨터사무용기계,2024-01-01,계절조정지수 (2020=100),99.5
컴퓨터사무용기계,2024-02-01,원지수 (2020=100),99.8
컴퓨터사무용기계,2024-02-01,계절조정지수 (2020=100),96.1
컴퓨터사무용기계,2024-03-01,원지수 (2020=100),105.7
컴퓨터사무용기계,2024-03-01,계절조정지수 (2020=100),94.4
컴퓨터사무용기계,2024-04-01,원지수 (2020=100),88.9
컴퓨터사무용기계,2024-04-01,계절조정지수 (2020=100),91.2
컴퓨터사무용기계,2024-05-01,원지수 (2020=100),78.0
컴퓨터사무용기계,2024-05-01,계절조정지수 (2020=100),92.4
컴퓨터사무용기계,2024-06-01,원지수 (2020=100),120.9
컴퓨터사무용기계,2024-06-01,계절조정지수 (2020=100),124.7
컴퓨터사무용기계,2024-07-01,원지수 (2020=100),93.8
컴퓨터사무용기계,2024-07-01,계절조정지수 (2020=100),94.8
컴퓨터사무용기계,2024-08-01,원지수 (2020=100),90.6
컴퓨터사무용기계,2024-08-01,계절조정지수 (2020=100),98.4
컴퓨터사무용기계,2024-09-01,원지수 (2020=100),89.8
컴퓨터사무용기계,2024-09-01,계절조정지수 (2020=100),97.9
컴퓨터사무용기계,2024-10-01,원지수 (2020=100),87.3
컴퓨터사무용기계,2024-10-01,계절조정지수 (2020=100),97.9
컴퓨터사무용기계,2024-11-01,원지수 (2020=100),93.0
컴퓨터사무용기계,2024-11-01,계절조정지수 (2020=100),100.5
컴퓨터사무용기계,2024-12-01,원지수 (2020=100),123.5
컴퓨터사무용기계,2024-12-01,계절조정지수 (2020=100),104.0
컴퓨터사무용기계,2025-01-01,원지수 (2020=100),142.8
컴퓨터사무용기계,2025-01-01,계절조정지수 (2020=100),102.1
컴퓨터사무용기계,2025-02-01,원지수 (2020=100),106.8
컴퓨터사무용기계,2025-02-01,계절조정지수 (2020=100),103.1
컴퓨터사무용기계,2025-03-01,원지수 (2020=100),100.3
컴퓨터사무용기계,2025-03-01,계절조정지수 (2020=100),88.1
컴퓨터사무용기계,2025-04-01,원지수 (2020=100),117.8
컴퓨터사무용기계,2025-04-01,계절조정지수 (2020=100),126.2
컴퓨터사무용기계,2025-05-01,원지수 (2020=100),109.0
컴퓨터사무용기계,2025-05-01,계절조정지수 (2020=100),132.7
컴퓨터사무용기계,2025-06-01,원지수 (2020=100),89.1
컴퓨터사무용기계,2025-06-01,계절조정지수 (2020=100),89.7
컴퓨터사무용기계,2025-07-01,원지수 (2020=100),93.7
컴퓨터사무용기계,2025-07-01,계절조정지수 (2020=100),94.3
특수산업용기계,2015-01-01,원지수 (2020=100),71.0
특수산업용기계,2015-01-01,계절조정지수 (2020=100),80.1
특수산업용기계,2015-02-01,원지수 (2020=100),67.4
특수산업용기계,2015-02-01,계절조정지수 (2020=100),75.2
특수산업용기계,2015-03-01,원지수 (2020=100),84.8
특수산업용기계,2015-03-01,계절조정지수 (2020=100),74.4
특수산업용기계,2015-04-01,원지수 (2020=100),70.8
특수산업용기계,2015-04-01,계절조정지수 (2020=100),66.1
특수산업용기계,2015-05-01,원지수 (2020=100),42.8
특수산업용기계,2015-05-01,계절조정지수 (2020=100),39.3
특수산업용기계,2015-06-01,원지수 (2020=100),58.0
특수산업용기계,2015-06-01,계절조정지수 (2020=100),52.6
특수산업용기계,2015-07-01,원지수 (2020=100),69.4
특수산업용기계,2015-07-01,계절조정지수 (2020=100),67.4
특수산업용기계,2015-08-01,원지수 (2020=100),44.6
특수산업용기계,2015-08-01,계절조정지수 (2020=100),47.5
특수산업용기계,2015-09-01,원지수 (2020=100),38.7
특수산업용기계,2015-09-01,계절조정지수 (2020=100),42.2
특수산업용기계,2015-10-01,원지수 (2020=100),36.8
특수산업용기계,2015-10-01,계절조정지수 (2020=100),41.9
특수산업용기계,2015-11-01,원지수 (2020=100),43.3
특수산업용기계,2015-11-01,계절조정지수 (2020=100),44.9
특수산업용기계,2015-12-01,원지수 (2020=100),49.3
특수산업용기계,2015-12-01,계절조정지수 (2020=100),43.3
특수산업용기계,2016-01-01,원지수 (2020=100),40.6
특수산업용기계,2016-01-01,계절조정지수 (2020=100),44.1
특수산업용기계,2016-02-01,원지수 (2020=100),41.1
특수산업용기계,2016-02-01,계절조정지수 (2020=100),46.4
특수산업용기계,2016-03-01,원지수 (2020=100),56.2
특수산업용기계,2016-03-01,계절조정지수 (2020=100),49.3
특수산업용기계,2016-04-01,원지수 (2020=100),59.1
특수산업용기계,2016-04-01,계절조정지수 (2020=100),56.1
특수산업용기계,2016-05-01,원지수 (2020=100),31.9
특수산업용기계,2016-05-01,계절조정지수 (2020=100),29.5
특수산업용기계,2016-06-01,원지수 (2020=100),46.5
특수산업용기계,2016-06-01,계절조정지수 (2020=100),42.1
특수산업용기계,2016-07-01,원지수 (2020=100),55.4
특수산업용기계,2016-07-01,계절조정지수 (2020=100),55.2
특수산업용기계,2016-08-01,원지수 (2020=100),73.5
특수산업용기계,2016-08-01,계절조정지수 (2020=100),78.9
특수산업용기계,2016-09-01,원지수 (2020=100),57.2
특수산업용기계,2016-09-01,계절조정지수 (2020=100),64.5
특수산업용기계,2016-10-01,원지수 (2020=100),60.5
특수산업용기계,2016-10-01,계절조정지수 (2020=100),66.4
특수산업용기계,2016-11-01,원지수 (2020=100),64.4
특수산업용기계,2016-11-01,계절조정지수 (2020=100),67.1
특수산업용기계,2016-12-01,원지수 (2020=100),102.0
특수산업용기계,2016-12-01,계절조정지수 (2020=100),90.4
특수산업용기계,2017-01-01,원지수 (2020=100),84.3
특수산업용기계,2017-01-01,계절조정지수 (2020=100),91.3
특수산업용기계,2017-02-01,원지수 (2020=100),83.4
특수산업용기계,2017-02-01,계절조정지수 (2020=100),93.2
특수산업용기계,2017-03-01,원지수 (2020=100),129.7
특수산업용기계,2017-03-01,계절조정지수 (2020=100),113.8
특수산업용기계,2017-04-01,원지수 (2020=100),112.5
특수산업용기계,2017-04-01,계절조정지수 (2020=100),107.5
특수산업용기계,2017-05-01,원지수 (2020=100),134.6
특수산업용기계,2017-05-01,계절조정지수 (2020=100),124.6
특수산업용기계,2017-06-01,원지수 (2020=100),155.6
특수산업용기계,2017-06-01,계절조정지수 (2020=100),140.3
특수산업용기계,2017-07-01,원지수 (2020=100),124.7
특수산업용기계,2017-07-01,계절조정지수 (2020=100),126.3
특수산업용기계,2017-08-01,원지수 (2020=100),115.5
특수산업용기계,2017-08-01,계절조정지수 (2020=100),125.2
특수산업용기계,2017-09-01,원지수 (2020=100),128.2
특수산업용기계,2017-09-01,계절조정지수 (2020=100),139.1
특수산업용기계,2017-10-01,원지수 (2020=100),83.9
특수산업용기계,2017-10-01,계절조정지수 (2020=100),94.7
특수산업용기계,2017-11-01,원지수 (2020=100),122.0
특수산업용기계,2017-11-01,계절조정지수 (2020=100),128.0
특수산업용기계,2017-12-01,원지수 (2020=100),168.2
특수산업용기계,2017-12-01,계절조정지수 (2020=100),149.3
특수산업용기계,2018-01-01,원지수 (2020=100),164.3
특수산업용기계,2018-01-01,계절조정지수 (2020=100),174.6
특수산업용기계,2018-02-01,원지수 (2020=100),142.5
특수산업용기계,2018-02-01,계절조정지수 (2020=100),160.1
특수산업용기계,2018-03-01,원지수 (2020=100),158.8
특수산업용기계,2018-03-01,계절조정지수 (2020=100),140.7
특수산업용기계,2018-04-01,원지수 (2020=100),148.0
특수산업용기계,2018-04-01,계절조정지수 (2020=100),141.7
특수산업용기계,2018-05-01,원지수 (2020=100),124.2
특수산업용기계,2018-05-01,계절조정지수 (2020=100),115.4
특수산업용기계,2018-06-01,원지수 (2020=100),107.3
특수산업용기계,2018-06-01,계절조정지수 (2020=100),97.3
특수산업용기계,2018-07-01,원지수 (2020=100),81.2
특수산업용기계,2018-07-01,계절조정지수 (2020=100),82.7
특수산업용기계,2018-08-01,원지수 (2020=100),67.2
특수산업용기계,2018-08-01,계절조정지수 (2020=100),74.3
특수산업용기계,2018-09-01,원지수 (2020=100),96.9
특수산업용기계,2018-09-01,계절조정지수 (2020=100),101.9
특수산업용기계,2018-10-01,원지수 (2020=100),76.5
특수산업용기계,2018-10-01,계절조정지수 (2020=100),87.1
특수산업용기계,2018-11-01,원지수 (2020=100),72.2
특수산업용기계,2018-11-01,계절조정지수 (2020=100),76.8
특수산업용기계,2018-12-01,원지수 (2020=100),83.9
특수산업용기계,2018-12-01,계절조정지수 (2020=100),72.0
특수산업용기계,2019-01-01,원지수 (2020=100),66.9
특수산업용기계,2019-01-01,계절조정지수 (2020=100),68.7
특수산업용기계,2019-02-01,원지수 (2020=100),50.2
특수산업용기계,2019-02-01,계절조정지수 (2020=100),57.9
특수산업용기계,2019-03-01,원지수 (2020=100),62.5
특수산업용기계,2019-03-01,계절조정지수 (2020=100),54.8
특수산업용기계,2019-04-01,원지수 (2020=100),83.1
특수산업용기계,2019-04-01,계절조정지수 (2020=100),79.0
특수산업용기계,2019-05-01,원지수 (2020=100),67.9
특수산업용기계,2019-05-01,계절조정지수 (2020=100),64.0
특수산업용기계,2019-06-01,원지수 (2020=100),65.8
특수산업용기계,2019-06-01,계절조정지수 (2020=100),59.1
특수산업용기계,2019-07-01,원지수 (2020=100),50.3
특수산업용기계,2019-07-01,계절조정지수 (2020=100),51.6
특수산업용기계,2019-08-01,원지수 (2020=100),46.5
특수산업용기계,2019-08-01,계절조정지수 (2020=100),52.0
특수산업용기계,2019-09-01,원지수 (2020=100),52.9
특수산업용기계,2019-09-01,계절조정지수 (2020=100),57.1
특수산업용기계,2019-10-01,원지수 (2020=100),55.0
특수산업용기계,2019-10-01,계절조정지수 (2020=100),60.5
특수산업용기계,2019-11-01,원지수 (2020=100),49.5
특수산업용기계,2019-11-01,계절조정지수 (2020=100),52.5
특수산업용기계,2019-12-01,원지수 (2020=100),78.6
특수산업용기계,2019-12-01,계절조정지수 (2020=100),66.3
특수산업용기계,2020-01-01,원지수 (2020=100),53.3
특수산업용기계,2020-01-01,계절조정지수 (2020=100),48.9
특수산업용기계,2020-02-01,원지수 (2020=100),84.4
특수산업용기계,2020-02-01,계절조정지수 (2020=100),93.5
특수산업용기계,2020-03-01,원지수 (2020=100),120.9
특수산업용기계,2020-03-01,계절조정지수 (2020=100),100.2
특수산업용기계,2020-04-01,원지수 (2020=100),103.9
특수산업용기계,2020-04-01,계절조정지수 (2020=100),94.7
특수산업용기계,2020-05-01,원지수 (2020=100),129.7
특수산업용기계,2020-05-01,계절조정지수 (2020=100),117.3
특수산업용기계,2020-06-01,원지수 (2020=100),124.2
특수산업용기계,2020-06-01,계절조정지수 (2020=100),109.4
특수산업용기계,2020-07-01,원지수 (2020=100),116.0
특수산업용기계,2020-07-01,계절조정지수 (2020=100),133.2
특수산업용기계,2020-08-01,원지수 (2020=100),68.0
특수산업용기계,2020-08-01,계절조정지수 (2020=100),91.6
특수산업용기계,2020-09-01,원지수 (2020=100),74.9
특수산업용기계,2020-09-01,계절조정지수 (2020=100),86.9
특수산업용기계,2020-10-01,원지수 (2020=100),64.8
특수산업용기계,2020-10-01,계절조정지수 (2020=100),85.3
특수산업용기계,2020-11-01,원지수 (2020=100),97.9
특수산업용기계,2020-11-01,계절조정지수 (2020=100),109.3
특수산업용기계,2020-12-01,원지수 (2020=100),161.9
특수산업용기계,2020-12-01,계절조정지수 (2020=100),129.8
특수산업용기계,2021-01-01,원지수 (2020=100),166.4
특수산업용기계,2021-01-01,계절조정지수 (2020=100),151.6
특수산업용기계,2021-02-01,원지수 (2020=100),135.1
특수산업용기계,2021-02-01,계절조정지수 (2020=100),153.9
특수산업용기계,2021-03-01,원지수 (2020=100),181.8
특수산업용기계,2021-03-01,계절조정지수 (2020=100),152.2
특수산업용기계,2021-04-01,원지수 (2020=100),196.1
특수산업용기계,2021-04-01,계절조정지수 (2020=100),180.3
특수산업용기계,2021-05-01,원지수 (2020=100),151.0
특수산업용기계,2021-05-01,계절조정지수 (2020=100),137.2
특수산업용기계,2021-06-01,원지수 (2020=100),156.3
특수산업용기계,2021-06-01,계절조정지수 (2020=100),138.1
특수산업용기계,2021-07-01,원지수 (2020=100),170.6
특수산업용기계,2021-07-01,계절조정지수 (2020=100),198.0
특수산업용기계,2021-08-01,원지수 (2020=100),109.4
특수산업용기계,2021-08-01,계절조정지수 (2020=100),148.8
특수산업용기계,2021-09-01,원지수 (2020=100),110.7
특수산업용기계,2021-09-01,계절조정지수 (2020=100),126.0
특수산업용기계,2021-10-01,원지수 (2020=100),103.4
특수산업용기계,2021-10-01,계절조정지수 (2020=100),137.7
특수산업용기계,2021-11-01,원지수 (2020=100),128.8
특수산업용기계,2021-11-01,계절조정지수 (2020=100),139.9
특수산업용기계,2021-12-01,원지수 (2020=100),175.8
특수산업용기계,2021-12-01,계절조정지수 (2020=100),134.5
특수산업용기계,2022-01-01,원지수 (2020=100),135.4
특수산업용기계,2022-01-01,계절조정지수 (2020=100),125.4
특수산업용기계,2022-02-01,원지수 (2020=100),109.6
특수산업용기계,2022-02-01,계절조정지수 (2020=100),122.7
특수산업용기계,2022-03-01,원지수 (2020=100),142.7
특수산업용기계,2022-03-01,계절조정지수 (2020=100),121.1
특수산업용기계,2022-04-01,원지수 (2020=100),120.4
특수산업용기계,2022-04-01,계절조정지수 (2020=100),113.9
특수산업용기계,2022-05-01,원지수 (2020=100),168.4
특수산업용기계,2022-05-01,계절조정지수 (2020=100),155.7
특수산업용기계,2022-06-01,원지수 (2020=100),179.1
특수산업용기계,2022-06-01,계절조정지수 (2020=100),159.7
특수산업용기계,2022-07-01,원지수 (2020=100),144.6
특수산업용기계,2022-07-01,계절조정지수 (2020=100),168.5
특수산업용기계,2022-08-01,원지수 (2020=100),143.9
특수산업용기계,2022-08-01,계절조정지수 (2020=100),196.6
특수산업용기계,2022-09-01,원지수 (2020=100),129.6
특수산업용기계,2022-09-01,계절조정지수 (2020=100),150.1
특수산업용기계,2022-10-01,원지수 (2020=100),118.2
특수산업용기계,2022-10-01,계절조정지수 (2020=100),150.9
특수산업용기계,2022-11-01,원지수 (2020=100),167.3
특수산업용기계,2022-11-01,계절조정지수 (2020=100),177.1
특수산업용기계,2022-12-01,원지수 (2020=100),222.1
특수산업용기계,2022-12-01,계절조정지수 (2020=100),169.0
특수산업용기계,2023-01-01,원지수 (2020=100),105.2
특수산업용기계,2023-01-01,계절조정지수 (2020=100),95.2
특수산업용기계,2023-02-01,원지수 (2020=100),121.2
특수산업용기계,2023-02-01,계절조정지수 (2020=100),144.5
특수산업용기계,2023-03-01,원지수 (2020=100),174.5
특수산업용기계,2023-03-01,계절조정지수 (2020=100),151.9
특수산업용기계,2023-04-01,원지수 (2020=100),174.4
특수산업용기계,2023-04-01,계절조정지수 (2020=100),163.4
특수산업용기계,2023-05-01,원지수 (2020=100),159.8
특수산업용기계,2023-05-01,계절조정지수 (2020=100),148.8
특수산업용기계,2023-06-01,원지수 (2020=100),153.1
특수산업용기계,2023-06-01,계절조정지수 (2020=100),139.1
특수산업용기계,2023-07-01,원지수 (2020=100),113.2
특수산업용기계,2023-07-01,계절조정지수 (2020=100),130.9
특수산업용기계,2023-08-01,원지수 (2020=100),98.1
특수산업용기계,2023-08-01,계절조정지수 (2020=100),134.3
특수산업용기계,2023-09-01,원지수 (2020=100),116.3
특수산업용기계,2023-09-01,계절조정지수 (2020=100),129.8
특수산업용기계,2023-10-01,원지수 (2020=100),94.1
특수산업용기계,2023-10-01,계절조정지수 (2020=100),121.1
특수산업용기계,2023-11-01,원지수 (2020=100),111.9
특수산업용기계,2023-11-01,계절조정지수 (2020=100),116.1
특수산업용기계,2023-12-01,원지수 (2020=100),181.6
특수산업용기계,2023-12-01,계절조정지수 (2020=100),133.8
특수산업용기계,2024-01-01,원지수 (2020=100),134.0
특수산업용기계,2024-01-01,계절조정지수 (2020=100),125.2
특수산업용기계,2024-02-01,원지수 (2020=100),136.9
특수산업용기계,2024-02-01,계절조정지수 (2020=100),164.5
특수산업용기계,2024-03-01,원지수 (2020=100),141.0
특수산업용기계,2024-03-01,계절조정지수 (2020=100),124.5
특수산업용기계,2024-04-01,원지수 (2020=100),129.7
특수산업용기계,2024-04-01,계절조정지수 (2020=100),122.0
특수산업용기계,2024-05-01,원지수 (2020=100),114.3
특수산업용기계,2024-05-01,계절조정지수 (2020=100),108.8
특수산업용기계,2024-06-01,원지수 (2020=100),142.8
특수산업용기계,2024-06-01,계절조정지수 (2020=100),132.1
특수산업용기계,2024-07-01,원지수 (2020=100),120.5
특수산업용기계,2024-07-01,계절조정지수 (2020=100),139.9
특수산업용기계,2024-08-01,원지수 (2020=100),102.2
특수산업용기계,2024-08-01,계절조정지수 (2020=100),141.1
특수산업용기계,2024-09-01,원지수 (2020=100),182.1
특수산업용기계,2024-09-01,계절조정지수 (2020=100),197.8
특수산업용기계,2024-10-01,원지수 (2020=100),150.2
특수산업용기계,2024-10-01,계절조정지수 (2020=100),190.8
특수산업용기계,2024-11-01,원지수 (2020=100),183.9
특수산업용기계,2024-11-01,계절조정지수 (2020=100),190.2
특수산업용기계,2024-12-01,원지수 (2020=100),235.3
특수산업용기계,2024-12-01,계절조정지수 (2020=100),169.8
특수산업용기계,2025-01-01,원지수 (2020=100),125.0
특수산업용기계,2025-01-01,계절조정지수 (2020=100),114.5
특수산업용기계,2025-02-01,원지수 (2020=100),153.0
특수산업용기계,2025-02-01,계절조정지수 (2020=100),190.9
특수산업용기계,2025-03-01,원지수 (2020=100),240.7
특수산업용기계,2025-03-01,계절조정지수 (2020=100),212.3
특수산업용기계,2025-04-01,원지수 (2020=100),150.3
특수산업용기계,2025-04-01,계절조정지수 (2020=100),141.8
특수산업용기계,2025-05-01,원지수 (2020=100),129.5
특수산업용기계,2025-05-01,계절조정지수 (2020=100),125.3
특수산업용기계,2025-06-01,원지수 (2020=100),163.1
특수산업용기계,2025-06-01,계절조정지수 (2020=100),148.5
특수산업용기계,2025-07-01,원지수 (2020=100),130.8
특수산업용기계,2025-07-01,계절조정지수 (2020=100),152.3
